,TradePrice_class
0,A ~ B
1,C ~ +
2,C ~ +
3,C ~ +
4,C ~ +
5,B ~ C
6,B ~ C
7,B ~ C
8,C ~ +
9,0 ~ A
10,A ~ B
11,C ~ +
12,C ~ +
13,C ~ +
14,C ~ +
15,C ~ +
16,C ~ +
17,C ~ +
18,C ~ +
19,C ~ +
20,C ~ +
21,C ~ +
22,B ~ C
23,A ~ B
24,C ~ +
25,C ~ +
26,C ~ +
27,B ~ C
28,C ~ +
29,B ~ C
30,0 ~ A
31,C ~ +
32,A ~ B
33,B ~ C
34,C ~ +
35,C ~ +
36,C ~ +
37,C ~ +
38,A ~ B
39,B ~ C
40,B ~ C
41,C ~ +
42,B ~ C
43,C ~ +
44,B ~ C
45,C ~ +
46,B ~ C
47,A ~ B
48,B ~ C
49,B ~ C
50,C ~ +
51,C ~ +
52,C ~ +
53,B ~ C
54,C ~ +
55,B ~ C
56,B ~ C
57,C ~ +
58,A ~ B
59,C ~ +
60,B ~ C
61,C ~ +
62,C ~ +
63,A ~ B
64,B ~ C
65,C ~ +
66,B ~ C
67,C ~ +
68,A ~ B
69,C ~ +
70,C ~ +
71,A ~ B
72,C ~ +
73,B ~ C
74,C ~ +
75,C ~ +
76,C ~ +
77,B ~ C
78,C ~ +
79,C ~ +
80,B ~ C
81,C ~ +
82,C ~ +
83,C ~ +
84,B ~ C
85,C ~ +
86,B ~ C
87,B ~ C
88,B ~ C
89,C ~ +
90,B ~ C
91,0 ~ A
92,B ~ C
93,C ~ +
94,B ~ C
95,A ~ B
96,C ~ +
97,0 ~ A
98,B ~ C
99,C ~ +
100,C ~ +
101,B ~ C
102,B ~ C
103,B ~ C
104,B ~ C
105,C ~ +
106,C ~ +
107,A ~ B
108,B ~ C
109,C ~ +
110,C ~ +
111,C ~ +
112,A ~ B
113,C ~ +
114,C ~ +
115,B ~ C
116,C ~ +
117,C ~ +
118,C ~ +
119,C ~ +
120,B ~ C
121,C ~ +
122,B ~ C
123,C ~ +
124,C ~ +
125,A ~ B
126,C ~ +
127,B ~ C
128,C ~ +
129,A ~ B
130,C ~ +
131,B ~ C
132,B ~ C
133,C ~ +
134,A ~ B
135,B ~ C
136,C ~ +
137,C ~ +
138,A ~ B
139,A ~ B
140,C ~ +
141,C ~ +
142,C ~ +
143,C ~ +
144,A ~ B
145,B ~ C
146,C ~ +
147,C ~ +
148,C ~ +
149,C ~ +
150,C ~ +
151,C ~ +
152,B ~ C
153,C ~ +
154,C ~ +
155,C ~ +
156,B ~ C
157,C ~ +
158,B ~ C
159,C ~ +
160,C ~ +
161,B ~ C
162,C ~ +
163,B ~ C
164,C ~ +
165,C ~ +
166,C ~ +
167,B ~ C
168,C ~ +
169,C ~ +
170,C ~ +
171,C ~ +
172,C ~ +
173,B ~ C
174,C ~ +
175,A ~ B
176,A ~ B
177,C ~ +
178,B ~ C
179,C ~ +
180,A ~ B
181,B ~ C
182,C ~ +
183,C ~ +
184,B ~ C
185,B ~ C
186,C ~ +
187,C ~ +
188,C ~ +
189,B ~ C
190,C ~ +
191,B ~ C
192,A ~ B
193,C ~ +
194,C ~ +
195,A ~ B
196,C ~ +
197,B ~ C
198,C ~ +
199,B ~ C
200,C ~ +
201,B ~ C
202,C ~ +
203,C ~ +
204,C ~ +
205,C ~ +
206,C ~ +
207,C ~ +
208,B ~ C
209,A ~ B
210,C ~ +
211,C ~ +
212,C ~ +
213,C ~ +
214,C ~ +
215,B ~ C
216,B ~ C
217,C ~ +
218,C ~ +
219,C ~ +
220,C ~ +
221,C ~ +
222,C ~ +
223,C ~ +
224,C ~ +
225,C ~ +
226,C ~ +
227,0 ~ A
228,A ~ B
229,C ~ +
230,B ~ C
231,B ~ C
232,B ~ C
233,B ~ C
234,B ~ C
235,A ~ B
236,C ~ +
237,C ~ +
238,C ~ +
239,C ~ +
240,B ~ C
241,B ~ C
242,B ~ C
243,B ~ C
244,C ~ +
245,B ~ C
246,C ~ +
247,B ~ C
248,B ~ C
249,C ~ +
250,C ~ +
251,C ~ +
252,B ~ C
253,C ~ +
254,C ~ +
255,C ~ +
256,C ~ +
257,C ~ +
258,A ~ B
259,C ~ +
260,B ~ C
261,B ~ C
262,C ~ +
263,B ~ C
264,A ~ B
265,C ~ +
266,C ~ +
267,C ~ +
268,B ~ C
269,B ~ C
270,B ~ C
271,B ~ C
272,C ~ +
273,B ~ C
274,C ~ +
275,C ~ +
276,B ~ C
277,C ~ +
278,C ~ +
279,C ~ +
280,C ~ +
281,C ~ +
282,C ~ +
283,B ~ C
284,C ~ +
285,B ~ C
286,C ~ +
287,C ~ +
288,B ~ C
289,C ~ +
290,C ~ +
291,C ~ +
292,C ~ +
293,C ~ +
294,C ~ +
295,C ~ +
296,A ~ B
297,C ~ +
298,C ~ +
299,C ~ +
300,B ~ C
301,C ~ +
302,C ~ +
303,A ~ B
304,C ~ +
305,C ~ +
306,B ~ C
307,C ~ +
308,B ~ C
309,0 ~ A
310,A ~ B
311,B ~ C
312,C ~ +
313,C ~ +
314,C ~ +
315,C ~ +
316,C ~ +
317,B ~ C
318,C ~ +
319,C ~ +
320,C ~ +
321,C ~ +
322,C ~ +
323,A ~ B
324,B ~ C
325,C ~ +
326,C ~ +
327,C ~ +
328,C ~ +
329,B ~ C
330,C ~ +
331,B ~ C
332,C ~ +
333,C ~ +
334,B ~ C
335,C ~ +
336,C ~ +
337,C ~ +
338,B ~ C
339,B ~ C
340,C ~ +
341,B ~ C
342,C ~ +
343,A ~ B
344,C ~ +
345,B ~ C
346,C ~ +
347,C ~ +
348,C ~ +
349,B ~ C
350,C ~ +
351,C ~ +
352,B ~ C
353,C ~ +
354,C ~ +
355,C ~ +
356,C ~ +
357,B ~ C
358,C ~ +
359,C ~ +
360,B ~ C
361,B ~ C
362,A ~ B
363,A ~ B
364,C ~ +
365,B ~ C
366,B ~ C
367,0 ~ A
368,B ~ C
369,C ~ +
370,C ~ +
371,B ~ C
372,C ~ +
373,B ~ C
374,B ~ C
375,B ~ C
376,C ~ +
377,C ~ +
378,B ~ C
379,C ~ +
380,C ~ +
381,B ~ C
382,C ~ +
383,C ~ +
384,A ~ B
385,A ~ B
386,C ~ +
387,A ~ B
388,C ~ +
389,C ~ +
390,B ~ C
391,C ~ +
392,B ~ C
393,C ~ +
394,C ~ +
395,B ~ C
396,C ~ +
397,B ~ C
398,C ~ +
399,C ~ +
400,C ~ +
401,C ~ +
402,C ~ +
403,C ~ +
404,B ~ C
405,B ~ C
406,C ~ +
407,A ~ B
408,C ~ +
409,B ~ C
410,B ~ C
411,C ~ +
412,B ~ C
413,C ~ +
414,B ~ C
415,C ~ +
416,C ~ +
417,C ~ +
418,C ~ +
419,B ~ C
420,C ~ +
421,C ~ +
422,C ~ +
423,C ~ +
424,B ~ C
425,C ~ +
426,B ~ C
427,B ~ C
428,C ~ +
429,C ~ +
430,C ~ +
431,C ~ +
432,C ~ +
433,C ~ +
434,C ~ +
435,C ~ +
436,B ~ C
437,C ~ +
438,C ~ +
439,C ~ +
440,C ~ +
441,C ~ +
442,B ~ C
443,C ~ +
444,C ~ +
445,C ~ +
446,C ~ +
447,B ~ C
448,C ~ +
449,C ~ +
450,A ~ B
451,C ~ +
452,B ~ C
453,C ~ +
454,0 ~ A
455,C ~ +
456,C ~ +
457,A ~ B
458,C ~ +
459,C ~ +
460,B ~ C
461,A ~ B
462,A ~ B
463,C ~ +
464,C ~ +
465,C ~ +
466,B ~ C
467,C ~ +
468,C ~ +
469,C ~ +
470,C ~ +
471,C ~ +
472,B ~ C
473,C ~ +
474,C ~ +
475,C ~ +
476,A ~ B
477,B ~ C
478,B ~ C
479,B ~ C
480,C ~ +
481,B ~ C
482,C ~ +
483,C ~ +
484,C ~ +
485,C ~ +
486,B ~ C
487,C ~ +
488,C ~ +
489,B ~ C
490,B ~ C
491,C ~ +
492,C ~ +
493,C ~ +
494,C ~ +
495,B ~ C
496,C ~ +
497,B ~ C
498,C ~ +
499,A ~ B
500,C ~ +
501,A ~ B
502,B ~ C
503,C ~ +
504,A ~ B
505,A ~ B
506,C ~ +
507,C ~ +
508,C ~ +
509,B ~ C
510,C ~ +
511,C ~ +
512,C ~ +
513,B ~ C
514,C ~ +
515,B ~ C
516,C ~ +
517,C ~ +
518,C ~ +
519,C ~ +
520,B ~ C
521,A ~ B
522,C ~ +
523,B ~ C
524,C ~ +
525,C ~ +
526,B ~ C
527,B ~ C
528,B ~ C
529,C ~ +
530,C ~ +
531,C ~ +
532,C ~ +
533,C ~ +
534,C ~ +
535,C ~ +
536,B ~ C
537,C ~ +
538,A ~ B
539,B ~ C
540,C ~ +
541,C ~ +
542,C ~ +
543,C ~ +
544,C ~ +
545,C ~ +
546,0 ~ A
547,A ~ B
548,B ~ C
549,A ~ B
550,C ~ +
551,B ~ C
552,B ~ C
553,C ~ +
554,B ~ C
555,B ~ C
556,B ~ C
557,C ~ +
558,C ~ +
559,A ~ B
560,C ~ +
561,B ~ C
562,C ~ +
563,B ~ C
564,C ~ +
565,C ~ +
566,B ~ C
567,B ~ C
568,C ~ +
569,C ~ +
570,C ~ +
571,B ~ C
572,C ~ +
573,B ~ C
574,C ~ +
575,A ~ B
576,A ~ B
577,C ~ +
578,B ~ C
579,C ~ +
580,B ~ C
581,A ~ B
582,C ~ +
583,C ~ +
584,C ~ +
585,B ~ C
586,C ~ +
587,C ~ +
588,C ~ +
589,A ~ B
590,B ~ C
591,C ~ +
592,B ~ C
593,B ~ C
594,C ~ +
595,C ~ +
596,C ~ +
597,C ~ +
598,B ~ C
599,B ~ C
600,C ~ +
601,B ~ C
602,B ~ C
603,B ~ C
604,C ~ +
605,C ~ +
606,A ~ B
607,C ~ +
608,B ~ C
609,B ~ C
610,A ~ B
611,C ~ +
612,C ~ +
613,C ~ +
614,C ~ +
615,B ~ C
616,C ~ +
617,B ~ C
618,C ~ +
619,C ~ +
620,B ~ C
621,C ~ +
622,B ~ C
623,B ~ C
624,C ~ +
625,B ~ C
626,C ~ +
627,C ~ +
628,C ~ +
629,C ~ +
630,C ~ +
631,B ~ C
632,C ~ +
633,C ~ +
634,B ~ C
635,C ~ +
636,C ~ +
637,C ~ +
638,C ~ +
639,C ~ +
640,C ~ +
641,C ~ +
642,C ~ +
643,B ~ C
644,B ~ C
645,C ~ +
646,B ~ C
647,C ~ +
648,A ~ B
649,C ~ +
650,C ~ +
651,C ~ +
652,B ~ C
653,C ~ +
654,B ~ C
655,A ~ B
656,C ~ +
657,B ~ C
658,C ~ +
659,A ~ B
660,C ~ +
661,B ~ C
662,C ~ +
663,C ~ +
664,A ~ B
665,B ~ C
666,C ~ +
667,B ~ C
668,C ~ +
669,C ~ +
670,C ~ +
671,C ~ +
672,C ~ +
673,C ~ +
674,C ~ +
675,C ~ +
676,C ~ +
677,C ~ +
678,B ~ C
679,C ~ +
680,C ~ +
681,C ~ +
682,C ~ +
683,A ~ B
684,C ~ +
685,C ~ +
686,A ~ B
687,A ~ B
688,B ~ C
689,B ~ C
690,C ~ +
691,C ~ +
692,B ~ C
693,C ~ +
694,A ~ B
695,C ~ +
696,B ~ C
697,C ~ +
698,B ~ C
699,C ~ +
700,C ~ +
701,C ~ +
702,C ~ +
703,A ~ B
704,B ~ C
705,B ~ C
706,A ~ B
707,C ~ +
708,C ~ +
709,C ~ +
710,0 ~ A
711,C ~ +
712,C ~ +
713,C ~ +
714,B ~ C
715,C ~ +
716,C ~ +
717,C ~ +
718,C ~ +
719,C ~ +
720,C ~ +
721,C ~ +
722,C ~ +
723,B ~ C
724,C ~ +
725,C ~ +
726,A ~ B
727,B ~ C
728,B ~ C
729,C ~ +
730,C ~ +
731,C ~ +
732,C ~ +
733,C ~ +
734,C ~ +
735,B ~ C
736,A ~ B
737,C ~ +
738,B ~ C
739,C ~ +
740,C ~ +
741,C ~ +
742,C ~ +
743,B ~ C
744,C ~ +
745,0 ~ A
746,A ~ B
747,A ~ B
748,C ~ +
749,C ~ +
750,B ~ C
751,B ~ C
752,B ~ C
753,B ~ C
754,C ~ +
755,C ~ +
756,A ~ B
757,B ~ C
758,C ~ +
759,C ~ +
760,A ~ B
761,B ~ C
762,A ~ B
763,C ~ +
764,A ~ B
765,C ~ +
766,C ~ +
767,B ~ C
768,C ~ +
769,C ~ +
770,C ~ +
771,B ~ C
772,C ~ +
773,C ~ +
774,C ~ +
775,C ~ +
776,C ~ +
777,C ~ +
778,C ~ +
779,B ~ C
780,B ~ C
781,A ~ B
782,C ~ +
783,C ~ +
784,B ~ C
785,C ~ +
786,C ~ +
787,B ~ C
788,C ~ +
789,C ~ +
790,C ~ +
791,C ~ +
792,C ~ +
793,A ~ B
794,C ~ +
795,B ~ C
796,C ~ +
797,C ~ +
798,A ~ B
799,C ~ +
800,C ~ +
801,C ~ +
802,C ~ +
803,B ~ C
804,B ~ C
805,B ~ C
806,C ~ +
807,C ~ +
808,C ~ +
809,A ~ B
810,C ~ +
811,B ~ C
812,C ~ +
813,B ~ C
814,C ~ +
815,C ~ +
816,B ~ C
817,B ~ C
818,B ~ C
819,C ~ +
820,C ~ +
821,B ~ C
822,C ~ +
823,B ~ C
824,B ~ C
825,C ~ +
826,C ~ +
827,C ~ +
828,B ~ C
829,C ~ +
830,B ~ C
831,B ~ C
832,A ~ B
833,C ~ +
834,B ~ C
835,C ~ +
836,C ~ +
837,B ~ C
838,C ~ +
839,C ~ +
840,C ~ +
841,C ~ +
842,B ~ C
843,B ~ C
844,C ~ +
845,A ~ B
846,C ~ +
847,C ~ +
848,B ~ C
849,B ~ C
850,C ~ +
851,B ~ C
852,A ~ B
853,C ~ +
854,A ~ B
855,C ~ +
856,C ~ +
857,C ~ +
858,C ~ +
859,B ~ C
860,B ~ C
861,B ~ C
862,C ~ +
863,C ~ +
864,B ~ C
865,C ~ +
866,B ~ C
867,B ~ C
868,B ~ C
869,C ~ +
870,C ~ +
871,B ~ C
872,C ~ +
873,A ~ B
874,C ~ +
875,B ~ C
876,C ~ +
877,B ~ C
878,C ~ +
879,0 ~ A
880,C ~ +
881,C ~ +
882,B ~ C
883,C ~ +
884,C ~ +
885,C ~ +
886,C ~ +
887,C ~ +
888,B ~ C
889,C ~ +
890,0 ~ A
891,C ~ +
892,C ~ +
893,C ~ +
894,A ~ B
895,C ~ +
896,C ~ +
897,C ~ +
898,C ~ +
899,B ~ C
900,C ~ +
901,C ~ +
902,C ~ +
903,C ~ +
904,B ~ C
905,B ~ C
906,C ~ +
907,B ~ C
908,B ~ C
909,B ~ C
910,B ~ C
911,C ~ +
912,C ~ +
913,C ~ +
914,C ~ +
915,B ~ C
916,C ~ +
917,C ~ +
918,B ~ C
919,C ~ +
920,B ~ C
921,C ~ +
922,C ~ +
923,B ~ C
924,C ~ +
925,B ~ C
926,C ~ +
927,C ~ +
928,C ~ +
929,0 ~ A
930,B ~ C
931,C ~ +
932,C ~ +
933,B ~ C
934,A ~ B
935,C ~ +
936,C ~ +
937,B ~ C
938,C ~ +
939,C ~ +
940,C ~ +
941,C ~ +
942,C ~ +
943,C ~ +
944,C ~ +
945,C ~ +
946,C ~ +
947,C ~ +
948,C ~ +
949,C ~ +
950,C ~ +
951,C ~ +
952,C ~ +
953,B ~ C
954,C ~ +
955,C ~ +
956,B ~ C
957,B ~ C
958,C ~ +
959,C ~ +
960,A ~ B
961,B ~ C
962,B ~ C
963,C ~ +
964,A ~ B
965,C ~ +
966,B ~ C
967,C ~ +
968,C ~ +
969,C ~ +
970,B ~ C
971,C ~ +
972,C ~ +
973,A ~ B
974,C ~ +
975,C ~ +
976,0 ~ A
977,B ~ C
978,B ~ C
979,B ~ C
980,C ~ +
981,A ~ B
982,C ~ +
983,B ~ C
984,B ~ C
985,B ~ C
986,C ~ +
987,C ~ +
988,B ~ C
989,C ~ +
990,B ~ C
991,B ~ C
992,C ~ +
993,C ~ +
994,C ~ +
995,C ~ +
996,B ~ C
997,C ~ +
998,C ~ +
999,C ~ +
1000,C ~ +
1001,C ~ +
1002,C ~ +
1003,C ~ +
1004,C ~ +
1005,C ~ +
1006,A ~ B
1007,B ~ C
1008,B ~ C
1009,C ~ +
1010,B ~ C
1011,C ~ +
1012,B ~ C
1013,C ~ +
1014,C ~ +
1015,C ~ +
1016,B ~ C
1017,C ~ +
1018,C ~ +
1019,A ~ B
1020,C ~ +
1021,C ~ +
1022,C ~ +
1023,C ~ +
1024,C ~ +
1025,C ~ +
1026,C ~ +
1027,C ~ +
1028,C ~ +
1029,B ~ C
1030,C ~ +
1031,C ~ +
1032,C ~ +
1033,C ~ +
1034,B ~ C
1035,C ~ +
1036,C ~ +
1037,C ~ +
1038,C ~ +
1039,B ~ C
1040,B ~ C
1041,C ~ +
1042,C ~ +
1043,A ~ B
1044,0 ~ A
1045,C ~ +
1046,B ~ C
1047,C ~ +
1048,A ~ B
1049,B ~ C
1050,A ~ B
1051,C ~ +
1052,C ~ +
1053,C ~ +
1054,C ~ +
1055,C ~ +
1056,C ~ +
1057,C ~ +
1058,C ~ +
1059,A ~ B
1060,C ~ +
1061,C ~ +
1062,C ~ +
1063,B ~ C
1064,B ~ C
1065,C ~ +
1066,C ~ +
1067,C ~ +
1068,C ~ +
1069,B ~ C
1070,A ~ B
1071,C ~ +
1072,B ~ C
1073,B ~ C
1074,C ~ +
1075,C ~ +
1076,C ~ +
1077,B ~ C
1078,C ~ +
1079,A ~ B
1080,C ~ +
1081,B ~ C
1082,C ~ +
1083,C ~ +
1084,C ~ +
1085,A ~ B
1086,B ~ C
1087,C ~ +
1088,A ~ B
1089,C ~ +
1090,C ~ +
1091,C ~ +
1092,C ~ +
1093,C ~ +
1094,B ~ C
1095,B ~ C
1096,C ~ +
1097,C ~ +
1098,0 ~ A
1099,A ~ B
1100,C ~ +
1101,C ~ +
1102,C ~ +
1103,A ~ B
1104,B ~ C
1105,C ~ +
1106,B ~ C
1107,B ~ C
1108,B ~ C
1109,C ~ +
1110,B ~ C
1111,C ~ +
1112,B ~ C
1113,C ~ +
1114,B ~ C
1115,C ~ +
1116,C ~ +
1117,C ~ +
1118,B ~ C
1119,B ~ C
1120,C ~ +
1121,C ~ +
1122,C ~ +
1123,C ~ +
1124,C ~ +
1125,C ~ +
1126,C ~ +
1127,A ~ B
1128,B ~ C
1129,C ~ +
1130,C ~ +
1131,C ~ +
1132,A ~ B
1133,B ~ C
1134,C ~ +
1135,C ~ +
1136,C ~ +
1137,A ~ B
1138,C ~ +
1139,C ~ +
1140,C ~ +
1141,C ~ +
1142,C ~ +
1143,A ~ B
1144,C ~ +
1145,C ~ +
1146,C ~ +
1147,B ~ C
1148,C ~ +
1149,B ~ C
1150,C ~ +
1151,C ~ +
1152,B ~ C
1153,B ~ C
1154,C ~ +
1155,C ~ +
1156,C ~ +
1157,C ~ +
1158,C ~ +
1159,B ~ C
1160,C ~ +
1161,C ~ +
1162,C ~ +
1163,C ~ +
1164,C ~ +
1165,B ~ C
1166,B ~ C
1167,B ~ C
1168,A ~ B
1169,B ~ C
1170,C ~ +
1171,B ~ C
1172,A ~ B
1173,A ~ B
1174,C ~ +
1175,B ~ C
1176,B ~ C
1177,B ~ C
1178,C ~ +
1179,C ~ +
1180,C ~ +
1181,C ~ +
1182,C ~ +
1183,C ~ +
1184,C ~ +
1185,B ~ C
1186,C ~ +
1187,B ~ C
1188,C ~ +
1189,0 ~ A
1190,C ~ +
1191,C ~ +
1192,B ~ C
1193,C ~ +
1194,B ~ C
1195,B ~ C
1196,C ~ +
1197,C ~ +
1198,A ~ B
1199,C ~ +
1200,C ~ +
1201,B ~ C
1202,C ~ +
1203,A ~ B
1204,C ~ +
1205,C ~ +
1206,C ~ +
1207,C ~ +
1208,B ~ C
1209,C ~ +
1210,C ~ +
1211,C ~ +
1212,C ~ +
1213,A ~ B
1214,0 ~ A
1215,0 ~ A
1216,C ~ +
1217,A ~ B
1218,C ~ +
1219,A ~ B
1220,B ~ C
1221,C ~ +
1222,C ~ +
1223,0 ~ A
1224,C ~ +
1225,B ~ C
1226,B ~ C
1227,C ~ +
1228,C ~ +
1229,C ~ +
1230,C ~ +
1231,C ~ +
1232,B ~ C
1233,C ~ +
1234,C ~ +
1235,A ~ B
1236,C ~ +
1237,B ~ C
1238,C ~ +
1239,C ~ +
1240,C ~ +
1241,C ~ +
1242,A ~ B
1243,C ~ +
1244,C ~ +
1245,A ~ B
1246,C ~ +
1247,C ~ +
1248,C ~ +
1249,C ~ +
1250,B ~ C
1251,B ~ C
1252,C ~ +
1253,C ~ +
1254,B ~ C
1255,C ~ +
1256,C ~ +
1257,C ~ +
1258,B ~ C
1259,C ~ +
1260,C ~ +
1261,A ~ B
1262,B ~ C
1263,C ~ +
1264,C ~ +
1265,C ~ +
1266,C ~ +
1267,B ~ C
1268,C ~ +
1269,C ~ +
1270,C ~ +
1271,C ~ +
1272,C ~ +
1273,C ~ +
1274,B ~ C
1275,C ~ +
1276,C ~ +
1277,C ~ +
1278,A ~ B
1279,B ~ C
1280,C ~ +
1281,C ~ +
1282,C ~ +
1283,A ~ B
1284,C ~ +
1285,C ~ +
1286,C ~ +
1287,C ~ +
1288,B ~ C
1289,C ~ +
1290,B ~ C
1291,0 ~ A
1292,B ~ C
1293,B ~ C
1294,C ~ +
1295,C ~ +
1296,C ~ +
1297,C ~ +
1298,C ~ +
1299,B ~ C
1300,C ~ +
1301,C ~ +
1302,B ~ C
1303,C ~ +
1304,A ~ B
1305,C ~ +
1306,C ~ +
1307,B ~ C
1308,C ~ +
1309,C ~ +
1310,C ~ +
1311,C ~ +
1312,C ~ +
1313,A ~ B
1314,C ~ +
1315,A ~ B
1316,C ~ +
1317,A ~ B
1318,B ~ C
1319,B ~ C
1320,C ~ +
1321,C ~ +
1322,C ~ +
1323,C ~ +
1324,A ~ B
1325,C ~ +
1326,C ~ +
1327,C ~ +
1328,A ~ B
1329,A ~ B
1330,0 ~ A
1331,B ~ C
1332,C ~ +
1333,C ~ +
1334,C ~ +
1335,C ~ +
1336,A ~ B
1337,A ~ B
1338,C ~ +
1339,B ~ C
1340,C ~ +
1341,B ~ C
1342,C ~ +
1343,B ~ C
1344,B ~ C
1345,C ~ +
1346,B ~ C
1347,0 ~ A
1348,C ~ +
1349,A ~ B
1350,C ~ +
1351,B ~ C
1352,C ~ +
1353,C ~ +
1354,B ~ C
1355,B ~ C
1356,C ~ +
1357,C ~ +
1358,C ~ +
1359,C ~ +
1360,C ~ +
1361,B ~ C
1362,C ~ +
1363,C ~ +
1364,B ~ C
1365,C ~ +
1366,C ~ +
1367,C ~ +
1368,B ~ C
1369,C ~ +
1370,A ~ B
1371,C ~ +
1372,A ~ B
1373,C ~ +
1374,B ~ C
1375,C ~ +
1376,C ~ +
1377,B ~ C
1378,C ~ +
1379,B ~ C
1380,C ~ +
1381,C ~ +
1382,A ~ B
1383,A ~ B
1384,C ~ +
1385,B ~ C
1386,B ~ C
1387,A ~ B
1388,C ~ +
1389,B ~ C
1390,C ~ +
1391,C ~ +
1392,C ~ +
1393,C ~ +
1394,B ~ C
1395,B ~ C
1396,B ~ C
1397,C ~ +
1398,C ~ +
1399,C ~ +
1400,C ~ +
1401,C ~ +
1402,C ~ +
1403,C ~ +
1404,C ~ +
1405,C ~ +
1406,C ~ +
1407,C ~ +
1408,C ~ +
1409,C ~ +
1410,C ~ +
1411,C ~ +
1412,A ~ B
1413,B ~ C
1414,C ~ +
1415,B ~ C
1416,B ~ C
1417,C ~ +
1418,B ~ C
1419,C ~ +
1420,B ~ C
1421,C ~ +
1422,C ~ +
1423,0 ~ A
1424,A ~ B
1425,C ~ +
1426,C ~ +
1427,B ~ C
1428,C ~ +
1429,B ~ C
1430,C ~ +
1431,B ~ C
1432,C ~ +
1433,B ~ C
1434,C ~ +
1435,B ~ C
1436,C ~ +
1437,C ~ +
1438,C ~ +
1439,C ~ +
1440,C ~ +
1441,B ~ C
1442,C ~ +
1443,C ~ +
1444,C ~ +
1445,C ~ +
1446,B ~ C
1447,B ~ C
1448,A ~ B
1449,B ~ C
1450,B ~ C
1451,B ~ C
1452,B ~ C
1453,A ~ B
1454,C ~ +
1455,A ~ B
1456,B ~ C
1457,C ~ +
1458,C ~ +
1459,A ~ B
1460,C ~ +
1461,B ~ C
1462,C ~ +
1463,B ~ C
1464,C ~ +
1465,C ~ +
1466,C ~ +
1467,C ~ +
1468,C ~ +
1469,C ~ +
1470,C ~ +
1471,C ~ +
1472,C ~ +
1473,C ~ +
1474,C ~ +
1475,C ~ +
1476,C ~ +
1477,C ~ +
1478,C ~ +
1479,C ~ +
1480,C ~ +
1481,C ~ +
1482,C ~ +
1483,B ~ C
1484,C ~ +
1485,C ~ +
1486,C ~ +
1487,A ~ B
1488,B ~ C
1489,C ~ +
1490,C ~ +
1491,A ~ B
1492,C ~ +
1493,C ~ +
1494,B ~ C
1495,C ~ +
1496,C ~ +
1497,C ~ +
1498,A ~ B
1499,B ~ C
1500,C ~ +
1501,B ~ C
1502,C ~ +
1503,C ~ +
1504,C ~ +
1505,C ~ +
1506,C ~ +
1507,0 ~ A
1508,A ~ B
1509,C ~ +
1510,C ~ +
1511,A ~ B
1512,C ~ +
1513,B ~ C
1514,B ~ C
1515,A ~ B
1516,B ~ C
1517,C ~ +
1518,C ~ +
1519,B ~ C
1520,B ~ C
1521,A ~ B
1522,C ~ +
1523,B ~ C
1524,C ~ +
1525,B ~ C
1526,A ~ B
1527,C ~ +
1528,B ~ C
1529,C ~ +
1530,C ~ +
1531,C ~ +
1532,B ~ C
1533,C ~ +
1534,A ~ B
1535,B ~ C
1536,B ~ C
1537,C ~ +
1538,B ~ C
1539,C ~ +
1540,C ~ +
1541,0 ~ A
1542,B ~ C
1543,C ~ +
1544,C ~ +
1545,C ~ +
1546,B ~ C
1547,C ~ +
1548,C ~ +
1549,C ~ +
1550,A ~ B
1551,C ~ +
1552,C ~ +
1553,B ~ C
1554,C ~ +
1555,C ~ +
1556,C ~ +
1557,C ~ +
1558,C ~ +
1559,C ~ +
1560,C ~ +
1561,B ~ C
1562,B ~ C
1563,C ~ +
1564,C ~ +
1565,C ~ +
1566,A ~ B
1567,C ~ +
1568,C ~ +
1569,C ~ +
1570,A ~ B
1571,A ~ B
1572,A ~ B
1573,C ~ +
1574,B ~ C
1575,C ~ +
1576,C ~ +
1577,C ~ +
1578,A ~ B
1579,C ~ +
1580,B ~ C
1581,C ~ +
1582,C ~ +
1583,C ~ +
1584,C ~ +
1585,C ~ +
1586,A ~ B
1587,C ~ +
1588,C ~ +
1589,C ~ +
1590,C ~ +
1591,B ~ C
1592,C ~ +
1593,C ~ +
1594,C ~ +
1595,A ~ B
1596,B ~ C
1597,C ~ +
1598,C ~ +
1599,C ~ +
1600,C ~ +
1601,B ~ C
1602,A ~ B
1603,A ~ B
1604,C ~ +
1605,B ~ C
1606,C ~ +
1607,C ~ +
1608,C ~ +
1609,B ~ C
1610,A ~ B
1611,C ~ +
1612,C ~ +
1613,C ~ +
1614,C ~ +
1615,C ~ +
1616,B ~ C
1617,A ~ B
1618,C ~ +
1619,C ~ +
1620,B ~ C
1621,C ~ +
1622,C ~ +
1623,C ~ +
1624,B ~ C
1625,0 ~ A
1626,C ~ +
1627,A ~ B
1628,C ~ +
1629,C ~ +
1630,C ~ +
1631,C ~ +
1632,C ~ +
1633,C ~ +
1634,C ~ +
1635,C ~ +
1636,C ~ +
1637,B ~ C
1638,C ~ +
1639,C ~ +
1640,B ~ C
1641,A ~ B
1642,C ~ +
1643,C ~ +
1644,C ~ +
1645,B ~ C
1646,B ~ C
1647,C ~ +
1648,A ~ B
1649,C ~ +
1650,C ~ +
1651,C ~ +
1652,B ~ C
1653,C ~ +
1654,C ~ +
1655,C ~ +
1656,C ~ +
1657,C ~ +
1658,C ~ +
1659,C ~ +
1660,B ~ C
1661,C ~ +
1662,C ~ +
1663,C ~ +
1664,A ~ B
1665,C ~ +
1666,C ~ +
1667,B ~ C
1668,0 ~ A
1669,A ~ B
1670,C ~ +
1671,C ~ +
1672,C ~ +
1673,C ~ +
1674,0 ~ A
1675,C ~ +
1676,C ~ +
1677,C ~ +
1678,B ~ C
1679,C ~ +
1680,A ~ B
1681,B ~ C
1682,C ~ +
1683,C ~ +
1684,C ~ +
1685,B ~ C
1686,A ~ B
1687,A ~ B
1688,C ~ +
1689,C ~ +
1690,C ~ +
1691,C ~ +
1692,B ~ C
1693,C ~ +
1694,C ~ +
1695,C ~ +
1696,C ~ +
1697,A ~ B
1698,C ~ +
1699,C ~ +
1700,B ~ C
1701,C ~ +
1702,C ~ +
1703,B ~ C
1704,C ~ +
1705,C ~ +
1706,C ~ +
1707,B ~ C
1708,C ~ +
1709,B ~ C
1710,C ~ +
1711,B ~ C
1712,C ~ +
1713,C ~ +
1714,C ~ +
1715,B ~ C
1716,C ~ +
1717,C ~ +
1718,C ~ +
1719,B ~ C
1720,B ~ C
1721,B ~ C
1722,C ~ +
1723,C ~ +
1724,A ~ B
1725,C ~ +
1726,C ~ +
1727,C ~ +
1728,C ~ +
1729,C ~ +
1730,C ~ +
1731,C ~ +
1732,0 ~ A
1733,B ~ C
1734,C ~ +
1735,C ~ +
1736,C ~ +
1737,C ~ +
1738,C ~ +
1739,C ~ +
1740,C ~ +
1741,C ~ +
1742,B ~ C
1743,C ~ +
1744,B ~ C
1745,B ~ C
1746,C ~ +
1747,B ~ C
1748,C ~ +
1749,B ~ C
1750,B ~ C
1751,C ~ +
1752,0 ~ A
1753,B ~ C
1754,B ~ C
1755,C ~ +
1756,B ~ C
1757,C ~ +
1758,C ~ +
1759,C ~ +
1760,B ~ C
1761,C ~ +
1762,C ~ +
1763,C ~ +
1764,C ~ +
1765,C ~ +
1766,C ~ +
1767,C ~ +
1768,A ~ B
1769,C ~ +
1770,C ~ +
1771,C ~ +
1772,C ~ +
1773,C ~ +
1774,A ~ B
1775,B ~ C
1776,C ~ +
1777,B ~ C
1778,A ~ B
1779,B ~ C
1780,C ~ +
1781,C ~ +
1782,C ~ +
1783,B ~ C
1784,B ~ C
1785,A ~ B
1786,C ~ +
1787,A ~ B
1788,C ~ +
1789,C ~ +
1790,C ~ +
1791,B ~ C
1792,B ~ C
1793,A ~ B
1794,C ~ +
1795,A ~ B
1796,B ~ C
1797,B ~ C
1798,A ~ B
1799,C ~ +
1800,C ~ +
1801,B ~ C
1802,C ~ +
1803,C ~ +
1804,C ~ +
1805,A ~ B
1806,A ~ B
1807,C ~ +
1808,C ~ +
1809,C ~ +
1810,C ~ +
1811,B ~ C
1812,C ~ +
1813,C ~ +
1814,C ~ +
1815,A ~ B
1816,C ~ +
1817,B ~ C
1818,B ~ C
1819,B ~ C
1820,C ~ +
1821,B ~ C
1822,C ~ +
1823,B ~ C
1824,B ~ C
1825,C ~ +
1826,C ~ +
1827,B ~ C
1828,B ~ C
1829,A ~ B
1830,C ~ +
1831,C ~ +
1832,A ~ B
1833,C ~ +
1834,C ~ +
1835,B ~ C
1836,C ~ +
1837,C ~ +
1838,C ~ +
1839,A ~ B
1840,C ~ +
1841,C ~ +
1842,C ~ +
1843,C ~ +
1844,B ~ C
1845,C ~ +
1846,C ~ +
1847,C ~ +
1848,B ~ C
1849,C ~ +
1850,C ~ +
1851,C ~ +
1852,B ~ C
1853,C ~ +
1854,C ~ +
1855,B ~ C
1856,B ~ C
1857,B ~ C
1858,C ~ +
1859,B ~ C
1860,B ~ C
1861,C ~ +
1862,0 ~ A
1863,B ~ C
1864,B ~ C
1865,B ~ C
1866,B ~ C
1867,C ~ +
1868,C ~ +
1869,B ~ C
1870,C ~ +
1871,C ~ +
1872,A ~ B
1873,B ~ C
1874,C ~ +
1875,B ~ C
1876,C ~ +
1877,B ~ C
1878,B ~ C
1879,C ~ +
1880,C ~ +
1881,B ~ C
1882,B ~ C
1883,A ~ B
1884,B ~ C
1885,C ~ +
1886,C ~ +
1887,C ~ +
1888,C ~ +
1889,A ~ B
1890,C ~ +
1891,C ~ +
1892,C ~ +
1893,C ~ +
1894,C ~ +
1895,C ~ +
1896,C ~ +
1897,B ~ C
1898,C ~ +
1899,C ~ +
1900,C ~ +
1901,C ~ +
1902,A ~ B
1903,A ~ B
1904,C ~ +
1905,B ~ C
1906,C ~ +
1907,C ~ +
1908,A ~ B
1909,C ~ +
1910,C ~ +
1911,C ~ +
1912,C ~ +
1913,C ~ +
1914,C ~ +
1915,B ~ C
1916,C ~ +
1917,B ~ C
1918,C ~ +
1919,C ~ +
1920,C ~ +
1921,C ~ +
1922,B ~ C
1923,B ~ C
1924,C ~ +
1925,C ~ +
1926,C ~ +
1927,B ~ C
1928,C ~ +
1929,B ~ C
1930,C ~ +
1931,C ~ +
1932,C ~ +
1933,B ~ C
1934,C ~ +
1935,A ~ B
1936,C ~ +
1937,B ~ C
1938,A ~ B
1939,C ~ +
1940,A ~ B
1941,C ~ +
1942,C ~ +
1943,C ~ +
1944,C ~ +
1945,C ~ +
1946,C ~ +
1947,C ~ +
1948,C ~ +
1949,C ~ +
1950,A ~ B
1951,C ~ +
1952,C ~ +
1953,B ~ C
1954,A ~ B
1955,C ~ +
1956,A ~ B
1957,C ~ +
1958,C ~ +
1959,A ~ B
1960,B ~ C
1961,A ~ B
1962,A ~ B
1963,0 ~ A
1964,C ~ +
1965,B ~ C
1966,C ~ +
1967,A ~ B
1968,C ~ +
1969,B ~ C
1970,C ~ +
1971,B ~ C
1972,C ~ +
1973,B ~ C
1974,C ~ +
1975,B ~ C
1976,B ~ C
1977,C ~ +
1978,A ~ B
1979,C ~ +
1980,B ~ C
1981,B ~ C
1982,C ~ +
1983,B ~ C
1984,C ~ +
1985,C ~ +
1986,A ~ B
1987,B ~ C
1988,C ~ +
1989,B ~ C
1990,C ~ +
1991,C ~ +
1992,B ~ C
1993,C ~ +
1994,C ~ +
1995,0 ~ A
1996,A ~ B
1997,C ~ +
1998,C ~ +
1999,C ~ +
2000,0 ~ A
2001,C ~ +
2002,B ~ C
2003,C ~ +
2004,C ~ +
2005,C ~ +
2006,C ~ +
2007,C ~ +
2008,B ~ C
2009,C ~ +
2010,C ~ +
2011,C ~ +
2012,C ~ +
2013,B ~ C
2014,C ~ +
2015,C ~ +
2016,B ~ C
2017,C ~ +
2018,B ~ C
2019,B ~ C
2020,B ~ C
2021,C ~ +
2022,B ~ C
2023,B ~ C
2024,C ~ +
2025,B ~ C
2026,C ~ +
2027,C ~ +
2028,A ~ B
2029,C ~ +
2030,C ~ +
2031,C ~ +
2032,C ~ +
2033,B ~ C
2034,C ~ +
2035,C ~ +
2036,B ~ C
2037,C ~ +
2038,C ~ +
2039,C ~ +
2040,C ~ +
2041,A ~ B
2042,A ~ B
2043,C ~ +
2044,C ~ +
2045,C ~ +
2046,C ~ +
2047,C ~ +
2048,C ~ +
2049,C ~ +
2050,B ~ C
2051,C ~ +
2052,A ~ B
2053,C ~ +
2054,A ~ B
2055,C ~ +
2056,A ~ B
2057,C ~ +
2058,C ~ +
2059,B ~ C
2060,A ~ B
2061,C ~ +
2062,C ~ +
2063,C ~ +
2064,C ~ +
2065,C ~ +
2066,C ~ +
2067,C ~ +
2068,B ~ C
2069,C ~ +
2070,C ~ +
2071,C ~ +
2072,C ~ +
2073,C ~ +
2074,B ~ C
2075,C ~ +
2076,C ~ +
2077,C ~ +
2078,A ~ B
2079,C ~ +
2080,A ~ B
2081,A ~ B
2082,C ~ +
2083,C ~ +
2084,A ~ B
2085,C ~ +
2086,C ~ +
2087,C ~ +
2088,C ~ +
2089,C ~ +
2090,C ~ +
2091,C ~ +
2092,C ~ +
2093,C ~ +
2094,C ~ +
2095,B ~ C
2096,B ~ C
2097,C ~ +
2098,C ~ +
2099,C ~ +
2100,C ~ +
2101,B ~ C
2102,A ~ B
2103,C ~ +
2104,C ~ +
2105,C ~ +
2106,B ~ C
2107,0 ~ A
2108,B ~ C
2109,B ~ C
2110,A ~ B
2111,B ~ C
2112,C ~ +
2113,A ~ B
2114,C ~ +
2115,C ~ +
2116,B ~ C
2117,B ~ C
2118,C ~ +
2119,B ~ C
2120,C ~ +
2121,C ~ +
2122,C ~ +
2123,A ~ B
2124,C ~ +
2125,C ~ +
2126,C ~ +
2127,C ~ +
2128,C ~ +
2129,B ~ C
2130,C ~ +
2131,B ~ C
2132,C ~ +
2133,C ~ +
2134,C ~ +
2135,C ~ +
2136,C ~ +
2137,C ~ +
2138,C ~ +
2139,C ~ +
2140,B ~ C
2141,C ~ +
2142,C ~ +
2143,B ~ C
2144,C ~ +
2145,C ~ +
2146,C ~ +
2147,C ~ +
2148,C ~ +
2149,C ~ +
2150,A ~ B
2151,C ~ +
2152,C ~ +
2153,C ~ +
2154,B ~ C
2155,C ~ +
2156,A ~ B
2157,A ~ B
2158,C ~ +
2159,C ~ +
2160,B ~ C
2161,C ~ +
2162,B ~ C
2163,B ~ C
2164,C ~ +
2165,C ~ +
2166,C ~ +
2167,C ~ +
2168,C ~ +
2169,C ~ +
2170,A ~ B
2171,C ~ +
2172,A ~ B
2173,B ~ C
2174,B ~ C
2175,B ~ C
2176,0 ~ A
2177,C ~ +
2178,C ~ +
2179,A ~ B
2180,C ~ +
2181,A ~ B
2182,C ~ +
2183,C ~ +
2184,B ~ C
2185,C ~ +
2186,C ~ +
2187,C ~ +
2188,C ~ +
2189,C ~ +
2190,C ~ +
2191,C ~ +
2192,C ~ +
2193,B ~ C
2194,C ~ +
2195,C ~ +
2196,B ~ C
2197,C ~ +
2198,C ~ +
2199,C ~ +
2200,C ~ +
2201,C ~ +
2202,A ~ B
2203,C ~ +
2204,C ~ +
2205,C ~ +
2206,C ~ +
2207,C ~ +
2208,C ~ +
2209,C ~ +
2210,B ~ C
2211,B ~ C
2212,B ~ C
2213,A ~ B
2214,C ~ +
2215,C ~ +
2216,C ~ +
2217,C ~ +
2218,C ~ +
2219,B ~ C
2220,B ~ C
2221,B ~ C
2222,B ~ C
2223,C ~ +
2224,C ~ +
2225,C ~ +
2226,B ~ C
2227,B ~ C
2228,C ~ +
2229,A ~ B
2230,C ~ +
2231,C ~ +
2232,C ~ +
2233,B ~ C
2234,C ~ +
2235,B ~ C
2236,A ~ B
2237,C ~ +
2238,A ~ B
2239,B ~ C
2240,C ~ +
2241,C ~ +
2242,B ~ C
2243,C ~ +
2244,B ~ C
2245,C ~ +
2246,C ~ +
2247,B ~ C
2248,C ~ +
2249,C ~ +
2250,C ~ +
2251,C ~ +
2252,B ~ C
2253,C ~ +
2254,C ~ +
2255,C ~ +
2256,C ~ +
2257,B ~ C
2258,A ~ B
2259,A ~ B
2260,B ~ C
2261,A ~ B
2262,B ~ C
2263,C ~ +
2264,C ~ +
2265,A ~ B
2266,B ~ C
2267,C ~ +
2268,C ~ +
2269,B ~ C
2270,A ~ B
2271,C ~ +
2272,B ~ C
2273,C ~ +
2274,B ~ C
2275,C ~ +
2276,A ~ B
2277,C ~ +
2278,C ~ +
2279,B ~ C
2280,C ~ +
2281,C ~ +
2282,A ~ B
2283,C ~ +
2284,A ~ B
2285,A ~ B
2286,C ~ +
2287,C ~ +
2288,C ~ +
2289,A ~ B
2290,C ~ +
2291,A ~ B
2292,C ~ +
2293,C ~ +
2294,B ~ C
2295,B ~ C
2296,B ~ C
2297,C ~ +
2298,B ~ C
2299,C ~ +
2300,C ~ +
2301,C ~ +
2302,C ~ +
2303,C ~ +
2304,C ~ +
2305,B ~ C
2306,C ~ +
2307,C ~ +
2308,C ~ +
2309,C ~ +
2310,B ~ C
2311,C ~ +
2312,C ~ +
2313,0 ~ A
2314,B ~ C
2315,C ~ +
2316,C ~ +
2317,C ~ +
2318,B ~ C
2319,0 ~ A
2320,0 ~ A
2321,B ~ C
2322,C ~ +
2323,C ~ +
2324,C ~ +
2325,B ~ C
2326,C ~ +
2327,B ~ C
2328,C ~ +
2329,B ~ C
2330,0 ~ A
2331,C ~ +
2332,B ~ C
2333,C ~ +
2334,C ~ +
2335,C ~ +
2336,C ~ +
2337,B ~ C
2338,A ~ B
2339,C ~ +
2340,B ~ C
2341,C ~ +
2342,C ~ +
2343,B ~ C
2344,C ~ +
2345,C ~ +
2346,B ~ C
2347,C ~ +
2348,B ~ C
2349,C ~ +
2350,C ~ +
2351,C ~ +
2352,B ~ C
2353,C ~ +
2354,B ~ C
2355,A ~ B
2356,A ~ B
2357,C ~ +
2358,B ~ C
2359,0 ~ A
2360,B ~ C
2361,C ~ +
2362,C ~ +
2363,C ~ +
2364,B ~ C
2365,C ~ +
2366,C ~ +
2367,B ~ C
2368,C ~ +
2369,C ~ +
2370,C ~ +
2371,B ~ C
2372,0 ~ A
2373,C ~ +
2374,B ~ C
2375,B ~ C
2376,C ~ +
2377,C ~ +
2378,B ~ C
2379,C ~ +
2380,C ~ +
2381,C ~ +
2382,A ~ B
2383,C ~ +
2384,C ~ +
2385,C ~ +
2386,B ~ C
2387,C ~ +
2388,C ~ +
2389,C ~ +
2390,C ~ +
2391,B ~ C
2392,C ~ +
2393,C ~ +
2394,C ~ +
2395,C ~ +
2396,C ~ +
2397,C ~ +
2398,B ~ C
2399,0 ~ A
2400,B ~ C
2401,C ~ +
2402,C ~ +
2403,C ~ +
2404,B ~ C
2405,C ~ +
2406,C ~ +
2407,C ~ +
2408,C ~ +
2409,C ~ +
2410,C ~ +
2411,C ~ +
2412,B ~ C
2413,A ~ B
2414,B ~ C
2415,C ~ +
2416,A ~ B
2417,B ~ C
2418,B ~ C
2419,C ~ +
2420,A ~ B
2421,C ~ +
2422,A ~ B
2423,B ~ C
2424,C ~ +
2425,A ~ B
2426,C ~ +
2427,B ~ C
2428,C ~ +
2429,C ~ +
2430,C ~ +
2431,B ~ C
2432,C ~ +
2433,C ~ +
2434,C ~ +
2435,C ~ +
2436,C ~ +
2437,B ~ C
2438,C ~ +
2439,A ~ B
2440,C ~ +
2441,B ~ C
2442,B ~ C
2443,C ~ +
2444,A ~ B
2445,A ~ B
2446,C ~ +
2447,C ~ +
2448,C ~ +
2449,C ~ +
2450,C ~ +
2451,C ~ +
2452,A ~ B
2453,C ~ +
2454,B ~ C
2455,C ~ +
2456,C ~ +
2457,C ~ +
2458,C ~ +
2459,C ~ +
2460,A ~ B
2461,C ~ +
2462,C ~ +
2463,C ~ +
2464,C ~ +
2465,B ~ C
2466,C ~ +
2467,B ~ C
2468,C ~ +
2469,B ~ C
2470,C ~ +
2471,C ~ +
2472,C ~ +
2473,C ~ +
2474,B ~ C
2475,B ~ C
2476,C ~ +
2477,C ~ +
2478,A ~ B
2479,B ~ C
2480,C ~ +
2481,C ~ +
2482,C ~ +
2483,C ~ +
2484,B ~ C
2485,A ~ B
2486,C ~ +
2487,B ~ C
2488,A ~ B
2489,B ~ C
2490,B ~ C
2491,0 ~ A
2492,B ~ C
2493,B ~ C
2494,C ~ +
2495,C ~ +
2496,C ~ +
2497,B ~ C
2498,C ~ +
2499,B ~ C
2500,C ~ +
2501,A ~ B
2502,B ~ C
2503,C ~ +
2504,B ~ C
2505,C ~ +
2506,C ~ +
2507,B ~ C
2508,B ~ C
2509,0 ~ A
2510,C ~ +
2511,B ~ C
2512,C ~ +
2513,C ~ +
2514,0 ~ A
2515,C ~ +
2516,C ~ +
2517,C ~ +
2518,C ~ +
2519,A ~ B
2520,C ~ +
2521,B ~ C
2522,C ~ +
2523,C ~ +
2524,C ~ +
2525,C ~ +
2526,C ~ +
2527,C ~ +
2528,C ~ +
2529,C ~ +
2530,A ~ B
2531,C ~ +
2532,C ~ +
2533,C ~ +
2534,C ~ +
2535,C ~ +
2536,C ~ +
2537,C ~ +
2538,A ~ B
2539,C ~ +
2540,B ~ C
2541,B ~ C
2542,A ~ B
2543,B ~ C
2544,C ~ +
2545,C ~ +
2546,C ~ +
2547,A ~ B
2548,C ~ +
2549,C ~ +
2550,B ~ C
2551,B ~ C
2552,B ~ C
2553,C ~ +
2554,C ~ +
2555,C ~ +
2556,C ~ +
2557,C ~ +
2558,C ~ +
2559,C ~ +
2560,C ~ +
2561,A ~ B
2562,C ~ +
2563,C ~ +
2564,B ~ C
2565,B ~ C
2566,B ~ C
2567,C ~ +
2568,C ~ +
2569,C ~ +
2570,B ~ C
2571,C ~ +
2572,C ~ +
2573,B ~ C
2574,B ~ C
2575,B ~ C
2576,C ~ +
2577,B ~ C
2578,A ~ B
2579,C ~ +
2580,B ~ C
2581,C ~ +
2582,C ~ +
2583,C ~ +
2584,C ~ +
2585,C ~ +
2586,A ~ B
2587,A ~ B
2588,C ~ +
2589,C ~ +
2590,B ~ C
2591,B ~ C
2592,A ~ B
2593,C ~ +
2594,C ~ +
2595,C ~ +
2596,B ~ C
2597,C ~ +
2598,C ~ +
2599,B ~ C
2600,C ~ +
2601,C ~ +
2602,B ~ C
2603,B ~ C
2604,A ~ B
2605,C ~ +
2606,C ~ +
2607,C ~ +
2608,C ~ +
2609,C ~ +
2610,C ~ +
2611,C ~ +
2612,C ~ +
2613,B ~ C
2614,C ~ +
2615,C ~ +
2616,B ~ C
2617,C ~ +
2618,B ~ C
2619,C ~ +
2620,C ~ +
2621,B ~ C
2622,C ~ +
2623,A ~ B
2624,C ~ +
2625,B ~ C
2626,C ~ +
2627,B ~ C
2628,C ~ +
2629,C ~ +
2630,C ~ +
2631,C ~ +
2632,C ~ +
2633,C ~ +
2634,C ~ +
2635,B ~ C
2636,B ~ C
2637,B ~ C
2638,C ~ +
2639,B ~ C
2640,B ~ C
2641,C ~ +
2642,C ~ +
2643,B ~ C
2644,B ~ C
2645,A ~ B
2646,C ~ +
2647,C ~ +
2648,B ~ C
2649,B ~ C
2650,C ~ +
2651,B ~ C
2652,A ~ B
2653,C ~ +
2654,A ~ B
2655,A ~ B
2656,C ~ +
2657,A ~ B
2658,C ~ +
2659,B ~ C
2660,C ~ +
2661,C ~ +
2662,C ~ +
2663,C ~ +
2664,C ~ +
2665,C ~ +
2666,C ~ +
2667,C ~ +
2668,B ~ C
2669,C ~ +
2670,C ~ +
2671,C ~ +
2672,B ~ C
2673,B ~ C
2674,C ~ +
2675,C ~ +
2676,B ~ C
2677,B ~ C
2678,C ~ +
2679,C ~ +
2680,C ~ +
2681,C ~ +
2682,C ~ +
2683,C ~ +
2684,C ~ +
2685,C ~ +
2686,C ~ +
2687,B ~ C
2688,C ~ +
2689,C ~ +
2690,C ~ +
2691,C ~ +
2692,C ~ +
2693,B ~ C
2694,B ~ C
2695,A ~ B
2696,A ~ B
2697,B ~ C
2698,C ~ +
2699,C ~ +
2700,0 ~ A
2701,C ~ +
2702,C ~ +
2703,C ~ +
2704,C ~ +
2705,C ~ +
2706,C ~ +
2707,C ~ +
2708,C ~ +
2709,B ~ C
2710,C ~ +
2711,C ~ +
2712,B ~ C
2713,C ~ +
2714,B ~ C
2715,C ~ +
2716,C ~ +
2717,C ~ +
2718,B ~ C
2719,B ~ C
2720,B ~ C
2721,C ~ +
2722,A ~ B
2723,C ~ +
2724,C ~ +
2725,C ~ +
2726,A ~ B
2727,C ~ +
2728,C ~ +
2729,C ~ +
2730,A ~ B
2731,B ~ C
2732,A ~ B
2733,C ~ +
2734,C ~ +
2735,C ~ +
2736,C ~ +
2737,C ~ +
2738,B ~ C
2739,C ~ +
2740,C ~ +
2741,C ~ +
2742,C ~ +
2743,C ~ +
2744,B ~ C
2745,B ~ C
2746,C ~ +
2747,C ~ +
2748,C ~ +
2749,B ~ C
2750,C ~ +
2751,B ~ C
2752,A ~ B
2753,C ~ +
2754,B ~ C
2755,C ~ +
2756,A ~ B
2757,A ~ B
2758,C ~ +
2759,C ~ +
2760,C ~ +
2761,C ~ +
2762,B ~ C
2763,A ~ B
2764,C ~ +
2765,C ~ +
2766,C ~ +
2767,B ~ C
2768,C ~ +
2769,C ~ +
2770,A ~ B
2771,B ~ C
2772,0 ~ A
2773,B ~ C
2774,A ~ B
2775,C ~ +
2776,C ~ +
2777,B ~ C
2778,C ~ +
2779,B ~ C
2780,C ~ +
2781,A ~ B
2782,C ~ +
2783,C ~ +
2784,C ~ +
2785,C ~ +
2786,C ~ +
2787,B ~ C
2788,C ~ +
2789,B ~ C
2790,C ~ +
2791,B ~ C
2792,C ~ +
2793,C ~ +
2794,C ~ +
2795,C ~ +
2796,C ~ +
2797,B ~ C
2798,C ~ +
2799,C ~ +
2800,C ~ +
2801,B ~ C
2802,C ~ +
2803,A ~ B
2804,B ~ C
2805,C ~ +
2806,A ~ B
2807,B ~ C
2808,C ~ +
2809,B ~ C
2810,B ~ C
2811,C ~ +
2812,C ~ +
2813,B ~ C
2814,C ~ +
2815,C ~ +
2816,B ~ C
2817,B ~ C
2818,B ~ C
2819,C ~ +
2820,C ~ +
2821,C ~ +
2822,B ~ C
2823,C ~ +
2824,A ~ B
2825,B ~ C
2826,C ~ +
2827,C ~ +
2828,C ~ +
2829,C ~ +
2830,B ~ C
2831,C ~ +
2832,C ~ +
2833,B ~ C
2834,A ~ B
2835,C ~ +
2836,C ~ +
2837,A ~ B
2838,B ~ C
2839,B ~ C
2840,B ~ C
2841,C ~ +
2842,C ~ +
2843,B ~ C
2844,A ~ B
2845,C ~ +
2846,B ~ C
2847,C ~ +
2848,C ~ +
2849,B ~ C
2850,C ~ +
2851,C ~ +
2852,C ~ +
2853,C ~ +
2854,B ~ C
2855,C ~ +
2856,C ~ +
2857,C ~ +
2858,C ~ +
2859,C ~ +
2860,B ~ C
2861,C ~ +
2862,A ~ B
2863,B ~ C
2864,C ~ +
2865,B ~ C
2866,C ~ +
2867,C ~ +
2868,B ~ C
2869,C ~ +
2870,B ~ C
2871,C ~ +
2872,B ~ C
2873,B ~ C
2874,C ~ +
2875,B ~ C
2876,B ~ C
2877,C ~ +
2878,B ~ C
2879,C ~ +
2880,B ~ C
2881,A ~ B
2882,C ~ +
2883,B ~ C
2884,C ~ +
2885,C ~ +
2886,C ~ +
2887,C ~ +
2888,C ~ +
2889,C ~ +
2890,B ~ C
2891,B ~ C
2892,C ~ +
2893,B ~ C
2894,C ~ +
2895,C ~ +
2896,A ~ B
2897,B ~ C
2898,B ~ C
2899,C ~ +
2900,C ~ +
2901,A ~ B
2902,B ~ C
2903,C ~ +
2904,B ~ C
2905,C ~ +
2906,A ~ B
2907,C ~ +
2908,B ~ C
2909,C ~ +
2910,C ~ +
2911,B ~ C
2912,A ~ B
2913,B ~ C
2914,A ~ B
2915,C ~ +
2916,C ~ +
2917,C ~ +
2918,C ~ +
2919,C ~ +
2920,A ~ B
2921,B ~ C
2922,C ~ +
2923,A ~ B
2924,C ~ +
2925,C ~ +
2926,A ~ B
2927,C ~ +
2928,C ~ +
2929,C ~ +
2930,C ~ +
2931,C ~ +
2932,C ~ +
2933,C ~ +
2934,C ~ +
2935,C ~ +
2936,C ~ +
2937,B ~ C
2938,C ~ +
2939,B ~ C
2940,B ~ C
2941,C ~ +
2942,B ~ C
2943,B ~ C
2944,B ~ C
2945,C ~ +
2946,C ~ +
2947,C ~ +
2948,C ~ +
2949,B ~ C
2950,C ~ +
2951,B ~ C
2952,B ~ C
2953,C ~ +
2954,B ~ C
2955,C ~ +
2956,C ~ +
2957,A ~ B
2958,C ~ +
2959,C ~ +
2960,C ~ +
2961,A ~ B
2962,C ~ +
2963,C ~ +
2964,C ~ +
2965,B ~ C
2966,B ~ C
2967,A ~ B
2968,C ~ +
2969,C ~ +
2970,C ~ +
2971,B ~ C
2972,C ~ +
2973,C ~ +
2974,C ~ +
2975,C ~ +
2976,B ~ C
2977,B ~ C
2978,C ~ +
2979,C ~ +
2980,B ~ C
2981,B ~ C
2982,C ~ +
2983,B ~ C
2984,B ~ C
2985,C ~ +
2986,B ~ C
2987,A ~ B
2988,B ~ C
2989,A ~ B
2990,B ~ C
2991,B ~ C
2992,A ~ B
2993,C ~ +
2994,B ~ C
2995,C ~ +
2996,B ~ C
2997,C ~ +
2998,C ~ +
2999,C ~ +
3000,C ~ +
3001,C ~ +
3002,B ~ C
3003,C ~ +
3004,C ~ +
3005,C ~ +
3006,C ~ +
3007,C ~ +
3008,C ~ +
3009,B ~ C
3010,C ~ +
3011,C ~ +
3012,A ~ B
3013,C ~ +
3014,C ~ +
3015,C ~ +
3016,B ~ C
3017,C ~ +
3018,B ~ C
3019,C ~ +
3020,C ~ +
3021,C ~ +
3022,A ~ B
3023,C ~ +
3024,C ~ +
3025,C ~ +
3026,C ~ +
3027,B ~ C
3028,C ~ +
3029,C ~ +
3030,B ~ C
3031,B ~ C
3032,C ~ +
3033,C ~ +
3034,C ~ +
3035,C ~ +
3036,C ~ +
3037,C ~ +
3038,0 ~ A
3039,B ~ C
3040,C ~ +
3041,C ~ +
3042,A ~ B
3043,C ~ +
3044,B ~ C
3045,A ~ B
3046,C ~ +
3047,C ~ +
3048,C ~ +
3049,C ~ +
3050,C ~ +
3051,C ~ +
3052,B ~ C
3053,C ~ +
3054,C ~ +
3055,0 ~ A
3056,A ~ B
3057,C ~ +
3058,C ~ +
3059,C ~ +
3060,C ~ +
3061,B ~ C
3062,C ~ +
3063,A ~ B
3064,A ~ B
3065,A ~ B
3066,C ~ +
3067,B ~ C
3068,B ~ C
3069,C ~ +
3070,B ~ C
3071,C ~ +
3072,A ~ B
3073,C ~ +
3074,C ~ +
3075,A ~ B
3076,C ~ +
3077,A ~ B
3078,C ~ +
3079,C ~ +
3080,C ~ +
3081,A ~ B
3082,C ~ +
3083,A ~ B
3084,C ~ +
3085,C ~ +
3086,C ~ +
3087,B ~ C
3088,C ~ +
3089,C ~ +
3090,A ~ B
3091,C ~ +
3092,C ~ +
3093,C ~ +
3094,A ~ B
3095,C ~ +
3096,C ~ +
3097,C ~ +
3098,B ~ C
3099,C ~ +
3100,C ~ +
3101,C ~ +
3102,C ~ +
3103,A ~ B
3104,A ~ B
3105,C ~ +
3106,0 ~ A
3107,C ~ +
3108,C ~ +
3109,B ~ C
3110,B ~ C
3111,C ~ +
3112,A ~ B
3113,A ~ B
3114,C ~ +
3115,C ~ +
3116,C ~ +
3117,B ~ C
3118,C ~ +
3119,C ~ +
3120,C ~ +
3121,A ~ B
3122,C ~ +
3123,C ~ +
3124,C ~ +
3125,C ~ +
3126,C ~ +
3127,B ~ C
3128,B ~ C
3129,B ~ C
3130,C ~ +
3131,C ~ +
3132,C ~ +
3133,C ~ +
3134,B ~ C
3135,C ~ +
3136,C ~ +
3137,C ~ +
3138,B ~ C
3139,0 ~ A
3140,C ~ +
3141,C ~ +
3142,B ~ C
3143,C ~ +
3144,B ~ C
3145,B ~ C
3146,C ~ +
3147,C ~ +
3148,C ~ +
3149,C ~ +
3150,B ~ C
3151,C ~ +
3152,B ~ C
3153,B ~ C
3154,B ~ C
3155,C ~ +
3156,B ~ C
3157,B ~ C
3158,C ~ +
3159,C ~ +
3160,C ~ +
3161,B ~ C
3162,C ~ +
3163,C ~ +
3164,C ~ +
3165,C ~ +
3166,C ~ +
3167,A ~ B
3168,B ~ C
3169,A ~ B
3170,C ~ +
3171,B ~ C
3172,C ~ +
3173,B ~ C
3174,C ~ +
3175,B ~ C
3176,0 ~ A
3177,C ~ +
3178,B ~ C
3179,C ~ +
3180,B ~ C
3181,B ~ C
3182,A ~ B
3183,C ~ +
3184,A ~ B
3185,C ~ +
3186,A ~ B
3187,A ~ B
3188,A ~ B
3189,C ~ +
3190,B ~ C
3191,B ~ C
3192,C ~ +
3193,C ~ +
3194,B ~ C
3195,B ~ C
3196,C ~ +
3197,C ~ +
3198,C ~ +
3199,A ~ B
3200,C ~ +
3201,C ~ +
3202,B ~ C
3203,B ~ C
3204,B ~ C
3205,C ~ +
3206,B ~ C
3207,C ~ +
3208,B ~ C
3209,C ~ +
3210,B ~ C
3211,C ~ +
3212,C ~ +
3213,C ~ +
3214,C ~ +
3215,B ~ C
3216,A ~ B
3217,C ~ +
3218,B ~ C
3219,C ~ +
3220,C ~ +
3221,C ~ +
3222,B ~ C
3223,A ~ B
3224,B ~ C
3225,C ~ +
3226,A ~ B
3227,A ~ B
3228,A ~ B
3229,C ~ +
3230,C ~ +
3231,B ~ C
3232,C ~ +
3233,B ~ C
3234,A ~ B
3235,B ~ C
3236,C ~ +
3237,B ~ C
3238,C ~ +
3239,C ~ +
3240,C ~ +
3241,B ~ C
3242,A ~ B
3243,B ~ C
3244,B ~ C
3245,C ~ +
3246,C ~ +
3247,A ~ B
3248,C ~ +
3249,C ~ +
3250,A ~ B
3251,C ~ +
3252,B ~ C
3253,C ~ +
3254,B ~ C
3255,C ~ +
3256,C ~ +
3257,C ~ +
3258,B ~ C
3259,A ~ B
3260,A ~ B
3261,C ~ +
3262,0 ~ A
3263,C ~ +
3264,B ~ C
3265,A ~ B
3266,C ~ +
3267,C ~ +
3268,C ~ +
3269,0 ~ A
3270,B ~ C
3271,C ~ +
3272,C ~ +
3273,A ~ B
3274,C ~ +
3275,C ~ +
3276,B ~ C
3277,C ~ +
3278,A ~ B
3279,A ~ B
3280,C ~ +
3281,A ~ B
3282,B ~ C
3283,A ~ B
3284,B ~ C
3285,C ~ +
3286,C ~ +
3287,B ~ C
3288,B ~ C
3289,B ~ C
3290,A ~ B
3291,C ~ +
3292,B ~ C
3293,C ~ +
3294,C ~ +
3295,B ~ C
3296,C ~ +
3297,C ~ +
3298,A ~ B
3299,C ~ +
3300,C ~ +
3301,B ~ C
3302,C ~ +
3303,C ~ +
3304,B ~ C
3305,C ~ +
3306,C ~ +
3307,C ~ +
3308,C ~ +
3309,B ~ C
3310,B ~ C
3311,C ~ +
3312,C ~ +
3313,B ~ C
3314,B ~ C
3315,C ~ +
3316,B ~ C
3317,A ~ B
3318,A ~ B
3319,B ~ C
3320,C ~ +
3321,C ~ +
3322,B ~ C
3323,B ~ C
3324,A ~ B
3325,B ~ C
3326,C ~ +
3327,A ~ B
3328,C ~ +
3329,C ~ +
3330,B ~ C
3331,C ~ +
3332,A ~ B
3333,A ~ B
3334,C ~ +
3335,C ~ +
3336,C ~ +
3337,C ~ +
3338,C ~ +
3339,C ~ +
3340,C ~ +
3341,A ~ B
3342,C ~ +
3343,C ~ +
3344,C ~ +
3345,C ~ +
3346,A ~ B
3347,B ~ C
3348,C ~ +
3349,A ~ B
3350,A ~ B
3351,C ~ +
3352,C ~ +
3353,C ~ +
3354,C ~ +
3355,C ~ +
3356,C ~ +
3357,C ~ +
3358,B ~ C
3359,B ~ C
3360,B ~ C
3361,C ~ +
3362,A ~ B
3363,C ~ +
3364,C ~ +
3365,C ~ +
3366,C ~ +
3367,B ~ C
3368,C ~ +
3369,B ~ C
3370,C ~ +
3371,B ~ C
3372,C ~ +
3373,B ~ C
3374,B ~ C
3375,C ~ +
3376,C ~ +
3377,B ~ C
3378,C ~ +
3379,C ~ +
3380,C ~ +
3381,B ~ C
3382,B ~ C
3383,B ~ C
3384,C ~ +
3385,B ~ C
3386,C ~ +
3387,C ~ +
3388,C ~ +
3389,B ~ C
3390,B ~ C
3391,C ~ +
3392,C ~ +
3393,B ~ C
3394,B ~ C
3395,C ~ +
3396,C ~ +
3397,C ~ +
3398,C ~ +
3399,B ~ C
3400,B ~ C
3401,C ~ +
3402,C ~ +
3403,B ~ C
3404,A ~ B
3405,B ~ C
3406,C ~ +
3407,C ~ +
3408,C ~ +
3409,C ~ +
3410,B ~ C
3411,0 ~ A
3412,C ~ +
3413,B ~ C
3414,C ~ +
3415,0 ~ A
3416,C ~ +
3417,C ~ +
3418,A ~ B
3419,C ~ +
3420,0 ~ A
3421,C ~ +
3422,C ~ +
3423,C ~ +
3424,C ~ +
3425,B ~ C
3426,C ~ +
3427,B ~ C
3428,A ~ B
3429,C ~ +
3430,B ~ C
3431,C ~ +
3432,C ~ +
3433,C ~ +
3434,C ~ +
3435,C ~ +
3436,B ~ C
3437,C ~ +
3438,A ~ B
3439,B ~ C
3440,A ~ B
3441,B ~ C
3442,C ~ +
3443,C ~ +
3444,C ~ +
3445,B ~ C
3446,B ~ C
3447,C ~ +
3448,B ~ C
3449,C ~ +
3450,B ~ C
3451,C ~ +
3452,B ~ C
3453,C ~ +
3454,B ~ C
3455,C ~ +
3456,C ~ +
3457,B ~ C
3458,B ~ C
3459,C ~ +
3460,C ~ +
3461,C ~ +
3462,C ~ +
3463,C ~ +
3464,C ~ +
3465,C ~ +
3466,C ~ +
3467,B ~ C
3468,C ~ +
3469,B ~ C
3470,C ~ +
3471,C ~ +
3472,C ~ +
3473,C ~ +
3474,C ~ +
3475,C ~ +
3476,B ~ C
3477,C ~ +
3478,C ~ +
3479,A ~ B
3480,C ~ +
3481,C ~ +
3482,C ~ +
3483,B ~ C
3484,C ~ +
3485,C ~ +
3486,C ~ +
3487,C ~ +
3488,B ~ C
3489,C ~ +
3490,C ~ +
3491,B ~ C
3492,C ~ +
3493,C ~ +
3494,C ~ +
3495,A ~ B
3496,C ~ +
3497,C ~ +
3498,A ~ B
3499,C ~ +
3500,C ~ +
3501,C ~ +
3502,A ~ B
3503,C ~ +
3504,B ~ C
3505,C ~ +
3506,B ~ C
3507,A ~ B
3508,C ~ +
3509,A ~ B
3510,C ~ +
3511,C ~ +
3512,B ~ C
3513,C ~ +
3514,B ~ C
3515,A ~ B
3516,C ~ +
3517,B ~ C
3518,C ~ +
3519,A ~ B
3520,A ~ B
3521,A ~ B
3522,C ~ +
3523,C ~ +
3524,B ~ C
3525,C ~ +
3526,C ~ +
3527,C ~ +
3528,C ~ +
3529,B ~ C
3530,B ~ C
3531,B ~ C
3532,A ~ B
3533,C ~ +
3534,C ~ +
3535,C ~ +
3536,C ~ +
3537,C ~ +
3538,C ~ +
3539,B ~ C
3540,A ~ B
3541,C ~ +
3542,C ~ +
3543,B ~ C
3544,C ~ +
3545,C ~ +
3546,A ~ B
3547,B ~ C
3548,B ~ C
3549,C ~ +
3550,C ~ +
3551,A ~ B
3552,C ~ +
3553,B ~ C
3554,C ~ +
3555,C ~ +
3556,C ~ +
3557,C ~ +
3558,C ~ +
3559,C ~ +
3560,C ~ +
3561,C ~ +
3562,A ~ B
3563,C ~ +
3564,B ~ C
3565,A ~ B
3566,C ~ +
3567,C ~ +
3568,C ~ +
3569,C ~ +
3570,C ~ +
3571,B ~ C
3572,C ~ +
3573,0 ~ A
3574,C ~ +
3575,B ~ C
3576,C ~ +
3577,C ~ +
3578,B ~ C
3579,C ~ +
3580,C ~ +
3581,B ~ C
3582,C ~ +
3583,C ~ +
3584,C ~ +
3585,C ~ +
3586,C ~ +
3587,B ~ C
3588,A ~ B
3589,C ~ +
3590,C ~ +
3591,A ~ B
3592,B ~ C
3593,B ~ C
3594,C ~ +
3595,C ~ +
3596,A ~ B
3597,B ~ C
3598,C ~ +
3599,B ~ C
3600,B ~ C
3601,C ~ +
3602,B ~ C
3603,C ~ +
3604,C ~ +
3605,C ~ +
3606,0 ~ A
3607,C ~ +
3608,B ~ C
3609,C ~ +
3610,0 ~ A
3611,B ~ C
3612,C ~ +
3613,A ~ B
3614,C ~ +
3615,C ~ +
3616,C ~ +
3617,C ~ +
3618,C ~ +
3619,A ~ B
3620,C ~ +
3621,B ~ C
3622,C ~ +
3623,C ~ +
3624,C ~ +
3625,B ~ C
3626,B ~ C
3627,A ~ B
3628,C ~ +
3629,B ~ C
3630,C ~ +
3631,C ~ +
3632,C ~ +
3633,C ~ +
3634,A ~ B
3635,C ~ +
3636,B ~ C
3637,C ~ +
3638,C ~ +
3639,C ~ +
3640,A ~ B
3641,B ~ C
3642,B ~ C
3643,B ~ C
3644,C ~ +
3645,C ~ +
3646,C ~ +
3647,C ~ +
3648,C ~ +
3649,B ~ C
3650,A ~ B
3651,C ~ +
3652,B ~ C
3653,C ~ +
3654,C ~ +
3655,C ~ +
3656,C ~ +
3657,C ~ +
3658,C ~ +
3659,C ~ +
3660,B ~ C
3661,C ~ +
3662,C ~ +
3663,B ~ C
3664,B ~ C
3665,A ~ B
3666,C ~ +
3667,C ~ +
3668,B ~ C
3669,B ~ C
3670,C ~ +
3671,C ~ +
3672,0 ~ A
3673,C ~ +
3674,C ~ +
3675,B ~ C
3676,B ~ C
3677,C ~ +
3678,C ~ +
3679,C ~ +
3680,C ~ +
3681,C ~ +
3682,C ~ +
3683,B ~ C
3684,C ~ +
3685,C ~ +
3686,B ~ C
3687,B ~ C
3688,C ~ +
3689,C ~ +
3690,C ~ +
3691,C ~ +
3692,B ~ C
3693,B ~ C
3694,C ~ +
3695,C ~ +
3696,A ~ B
3697,B ~ C
3698,C ~ +
3699,C ~ +
3700,C ~ +
3701,C ~ +
3702,B ~ C
3703,C ~ +
3704,C ~ +
3705,B ~ C
3706,B ~ C
3707,A ~ B
3708,C ~ +
3709,C ~ +
3710,B ~ C
3711,C ~ +
3712,B ~ C
3713,A ~ B
3714,C ~ +
3715,C ~ +
3716,B ~ C
3717,A ~ B
3718,A ~ B
3719,C ~ +
3720,C ~ +
3721,C ~ +
3722,B ~ C
3723,C ~ +
3724,C ~ +
3725,A ~ B
3726,C ~ +
3727,0 ~ A
3728,C ~ +
3729,C ~ +
3730,C ~ +
3731,C ~ +
3732,B ~ C
3733,B ~ C
3734,C ~ +
3735,C ~ +
3736,B ~ C
3737,C ~ +
3738,B ~ C
3739,B ~ C
3740,C ~ +
3741,C ~ +
3742,B ~ C
3743,C ~ +
3744,B ~ C
3745,C ~ +
3746,C ~ +
3747,C ~ +
3748,B ~ C
3749,C ~ +
3750,C ~ +
3751,C ~ +
3752,C ~ +
3753,A ~ B
3754,B ~ C
3755,C ~ +
3756,C ~ +
3757,C ~ +
3758,C ~ +
3759,C ~ +
3760,C ~ +
3761,B ~ C
3762,0 ~ A
3763,C ~ +
3764,C ~ +
3765,C ~ +
3766,C ~ +
3767,C ~ +
3768,B ~ C
3769,A ~ B
3770,B ~ C
3771,C ~ +
3772,C ~ +
3773,B ~ C
3774,C ~ +
3775,C ~ +
3776,A ~ B
3777,C ~ +
3778,B ~ C
3779,C ~ +
3780,B ~ C
3781,C ~ +
3782,C ~ +
3783,B ~ C
3784,B ~ C
3785,B ~ C
3786,C ~ +
3787,C ~ +
3788,B ~ C
3789,C ~ +
3790,C ~ +
3791,C ~ +
3792,C ~ +
3793,B ~ C
3794,A ~ B
3795,C ~ +
3796,B ~ C
3797,A ~ B
3798,B ~ C
3799,C ~ +
3800,B ~ C
3801,B ~ C
3802,C ~ +
3803,C ~ +
3804,B ~ C
3805,C ~ +
3806,C ~ +
3807,C ~ +
3808,C ~ +
3809,C ~ +
3810,C ~ +
3811,C ~ +
3812,C ~ +
3813,C ~ +
3814,C ~ +
3815,C ~ +
3816,C ~ +
3817,B ~ C
3818,C ~ +
3819,C ~ +
3820,C ~ +
3821,C ~ +
3822,A ~ B
3823,C ~ +
3824,A ~ B
3825,C ~ +
3826,C ~ +
3827,C ~ +
3828,A ~ B
3829,C ~ +
3830,C ~ +
3831,C ~ +
3832,A ~ B
3833,C ~ +
3834,B ~ C
3835,A ~ B
3836,C ~ +
3837,C ~ +
3838,C ~ +
3839,C ~ +
3840,B ~ C
3841,0 ~ A
3842,A ~ B
3843,C ~ +
3844,A ~ B
3845,C ~ +
3846,C ~ +
3847,B ~ C
3848,C ~ +
3849,C ~ +
3850,B ~ C
3851,C ~ +
3852,A ~ B
3853,B ~ C
3854,C ~ +
3855,C ~ +
3856,B ~ C
3857,C ~ +
3858,C ~ +
3859,C ~ +
3860,A ~ B
3861,C ~ +
3862,B ~ C
3863,C ~ +
3864,B ~ C
3865,C ~ +
3866,C ~ +
3867,B ~ C
3868,C ~ +
3869,C ~ +
3870,C ~ +
3871,C ~ +
3872,B ~ C
3873,A ~ B
3874,C ~ +
3875,A ~ B
3876,C ~ +
3877,B ~ C
3878,B ~ C
3879,A ~ B
3880,C ~ +
3881,C ~ +
3882,A ~ B
3883,A ~ B
3884,B ~ C
3885,C ~ +
3886,A ~ B
3887,C ~ +
3888,B ~ C
3889,C ~ +
3890,A ~ B
3891,A ~ B
3892,C ~ +
3893,B ~ C
3894,C ~ +
3895,C ~ +
3896,A ~ B
3897,B ~ C
3898,C ~ +
3899,B ~ C
3900,C ~ +
3901,C ~ +
3902,A ~ B
3903,B ~ C
3904,C ~ +
3905,C ~ +
3906,B ~ C
3907,C ~ +
3908,C ~ +
3909,C ~ +
3910,C ~ +
3911,C ~ +
3912,C ~ +
3913,C ~ +
3914,C ~ +
3915,B ~ C
3916,C ~ +
3917,B ~ C
3918,A ~ B
3919,B ~ C
3920,B ~ C
3921,B ~ C
3922,B ~ C
3923,C ~ +
3924,C ~ +
3925,B ~ C
3926,B ~ C
3927,C ~ +
3928,C ~ +
3929,C ~ +
3930,A ~ B
3931,B ~ C
3932,0 ~ A
3933,C ~ +
3934,A ~ B
3935,C ~ +
3936,C ~ +
3937,C ~ +
3938,A ~ B
3939,C ~ +
3940,C ~ +
3941,A ~ B
3942,B ~ C
3943,C ~ +
3944,B ~ C
3945,C ~ +
3946,B ~ C
3947,C ~ +
3948,C ~ +
3949,B ~ C
3950,C ~ +
3951,C ~ +
3952,C ~ +
3953,C ~ +
3954,A ~ B
3955,B ~ C
3956,C ~ +
3957,C ~ +
3958,C ~ +
3959,C ~ +
3960,B ~ C
3961,B ~ C
3962,C ~ +
3963,C ~ +
3964,C ~ +
3965,C ~ +
3966,B ~ C
3967,C ~ +
3968,B ~ C
3969,B ~ C
3970,C ~ +
3971,C ~ +
3972,C ~ +
3973,C ~ +
3974,B ~ C
3975,B ~ C
3976,B ~ C
3977,C ~ +
3978,C ~ +
3979,C ~ +
3980,C ~ +
3981,C ~ +
3982,B ~ C
3983,C ~ +
3984,B ~ C
3985,C ~ +
3986,A ~ B
3987,C ~ +
3988,A ~ B
3989,0 ~ A
3990,B ~ C
3991,B ~ C
3992,B ~ C
3993,C ~ +
3994,C ~ +
3995,C ~ +
3996,C ~ +
3997,C ~ +
3998,A ~ B
3999,C ~ +
4000,C ~ +
4001,A ~ B
4002,C ~ +
4003,A ~ B
4004,A ~ B
4005,B ~ C
4006,C ~ +
4007,B ~ C
4008,B ~ C
4009,A ~ B
4010,C ~ +
4011,A ~ B
4012,C ~ +
4013,C ~ +
4014,B ~ C
4015,B ~ C
4016,C ~ +
4017,A ~ B
4018,B ~ C
4019,C ~ +
4020,B ~ C
4021,C ~ +
4022,C ~ +
4023,C ~ +
4024,A ~ B
4025,B ~ C
4026,C ~ +
4027,B ~ C
4028,B ~ C
4029,C ~ +
4030,A ~ B
4031,A ~ B
4032,B ~ C
4033,A ~ B
4034,C ~ +
4035,C ~ +
4036,C ~ +
4037,C ~ +
4038,C ~ +
4039,C ~ +
4040,C ~ +
4041,C ~ +
4042,A ~ B
4043,C ~ +
4044,B ~ C
4045,A ~ B
4046,C ~ +
4047,C ~ +
4048,C ~ +
4049,C ~ +
4050,C ~ +
4051,C ~ +
4052,B ~ C
4053,C ~ +
4054,B ~ C
4055,C ~ +
4056,C ~ +
4057,C ~ +
4058,C ~ +
4059,B ~ C
4060,B ~ C
4061,C ~ +
4062,A ~ B
4063,C ~ +
4064,C ~ +
4065,B ~ C
4066,C ~ +
4067,C ~ +
4068,C ~ +
4069,B ~ C
4070,C ~ +
4071,A ~ B
4072,A ~ B
4073,C ~ +
4074,B ~ C
4075,C ~ +
4076,A ~ B
4077,C ~ +
4078,B ~ C
4079,C ~ +
4080,B ~ C
4081,C ~ +
4082,C ~ +
4083,C ~ +
4084,B ~ C
4085,C ~ +
4086,C ~ +
4087,B ~ C
4088,C ~ +
4089,C ~ +
4090,C ~ +
4091,B ~ C
4092,C ~ +
4093,C ~ +
4094,C ~ +
4095,B ~ C
4096,C ~ +
4097,B ~ C
4098,C ~ +
4099,B ~ C
4100,B ~ C
4101,C ~ +
4102,C ~ +
4103,B ~ C
4104,C ~ +
4105,C ~ +
4106,A ~ B
4107,C ~ +
4108,C ~ +
4109,B ~ C
4110,B ~ C
4111,C ~ +
4112,0 ~ A
4113,C ~ +
4114,A ~ B
4115,C ~ +
4116,A ~ B
4117,C ~ +
4118,C ~ +
4119,C ~ +
4120,C ~ +
4121,C ~ +
4122,C ~ +
4123,B ~ C
4124,C ~ +
4125,A ~ B
4126,C ~ +
4127,C ~ +
4128,C ~ +
4129,B ~ C
4130,C ~ +
4131,C ~ +
4132,C ~ +
4133,C ~ +
4134,C ~ +
4135,C ~ +
4136,0 ~ A
4137,C ~ +
4138,C ~ +
4139,C ~ +
4140,C ~ +
4141,C ~ +
4142,C ~ +
4143,C ~ +
4144,C ~ +
4145,B ~ C
4146,C ~ +
4147,B ~ C
4148,C ~ +
4149,B ~ C
4150,C ~ +
4151,B ~ C
4152,B ~ C
4153,B ~ C
4154,B ~ C
4155,B ~ C
4156,B ~ C
4157,C ~ +
4158,B ~ C
4159,C ~ +
4160,C ~ +
4161,C ~ +
4162,C ~ +
4163,C ~ +
4164,C ~ +
4165,B ~ C
4166,C ~ +
4167,C ~ +
4168,C ~ +
4169,C ~ +
4170,A ~ B
4171,C ~ +
4172,B ~ C
4173,C ~ +
4174,B ~ C
4175,B ~ C
4176,B ~ C
4177,C ~ +
4178,B ~ C
4179,B ~ C
4180,B ~ C
4181,B ~ C
4182,C ~ +
4183,A ~ B
4184,C ~ +
4185,C ~ +
4186,C ~ +
4187,C ~ +
4188,C ~ +
4189,C ~ +
4190,C ~ +
4191,C ~ +
4192,C ~ +
4193,C ~ +
4194,C ~ +
4195,C ~ +
4196,C ~ +
4197,C ~ +
4198,A ~ B
4199,B ~ C
4200,C ~ +
4201,C ~ +
4202,B ~ C
4203,B ~ C
4204,A ~ B
4205,B ~ C
4206,B ~ C
4207,C ~ +
4208,B ~ C
4209,C ~ +
4210,C ~ +
4211,C ~ +
4212,C ~ +
4213,C ~ +
4214,B ~ C
4215,B ~ C
4216,C ~ +
4217,C ~ +
4218,C ~ +
4219,C ~ +
4220,C ~ +
4221,C ~ +
4222,C ~ +
4223,C ~ +
4224,B ~ C
4225,C ~ +
4226,B ~ C
4227,C ~ +
4228,C ~ +
4229,C ~ +
4230,C ~ +
4231,C ~ +
4232,C ~ +
4233,B ~ C
4234,C ~ +
4235,C ~ +
4236,C ~ +
4237,C ~ +
4238,B ~ C
4239,B ~ C
4240,B ~ C
4241,C ~ +
4242,0 ~ A
4243,A ~ B
4244,C ~ +
4245,C ~ +
4246,A ~ B
4247,C ~ +
4248,C ~ +
4249,C ~ +
4250,B ~ C
4251,B ~ C
4252,C ~ +
4253,A ~ B
4254,B ~ C
4255,C ~ +
4256,B ~ C
4257,C ~ +
4258,C ~ +
4259,0 ~ A
4260,B ~ C
4261,B ~ C
4262,B ~ C
4263,A ~ B
4264,A ~ B
4265,B ~ C
4266,C ~ +
4267,C ~ +
4268,C ~ +
4269,C ~ +
4270,C ~ +
4271,C ~ +
4272,C ~ +
4273,C ~ +
4274,B ~ C
4275,C ~ +
4276,B ~ C
4277,B ~ C
4278,A ~ B
4279,C ~ +
4280,B ~ C
4281,C ~ +
4282,A ~ B
4283,B ~ C
4284,C ~ +
4285,C ~ +
4286,C ~ +
4287,B ~ C
4288,C ~ +
4289,C ~ +
4290,B ~ C
4291,C ~ +
4292,C ~ +
4293,B ~ C
4294,C ~ +
4295,B ~ C
4296,C ~ +
4297,C ~ +
4298,B ~ C
4299,A ~ B
4300,0 ~ A
4301,C ~ +
4302,C ~ +
4303,B ~ C
4304,C ~ +
4305,C ~ +
4306,C ~ +
4307,B ~ C
4308,C ~ +
4309,B ~ C
4310,C ~ +
4311,C ~ +
4312,C ~ +
4313,B ~ C
4314,C ~ +
4315,C ~ +
4316,B ~ C
4317,C ~ +
4318,B ~ C
4319,C ~ +
4320,C ~ +
4321,C ~ +
4322,C ~ +
4323,C ~ +
4324,A ~ B
4325,B ~ C
4326,C ~ +
4327,C ~ +
4328,B ~ C
4329,A ~ B
4330,C ~ +
4331,C ~ +
4332,B ~ C
4333,C ~ +
4334,C ~ +
4335,C ~ +
4336,B ~ C
4337,B ~ C
4338,C ~ +
4339,C ~ +
4340,C ~ +
4341,C ~ +
4342,B ~ C
4343,A ~ B
4344,C ~ +
4345,C ~ +
4346,B ~ C
4347,C ~ +
4348,C ~ +
4349,C ~ +
4350,B ~ C
4351,B ~ C
4352,B ~ C
4353,A ~ B
4354,C ~ +
4355,C ~ +
4356,A ~ B
4357,C ~ +
4358,B ~ C
4359,B ~ C
4360,A ~ B
4361,0 ~ A
4362,B ~ C
4363,C ~ +
4364,B ~ C
4365,A ~ B
4366,B ~ C
4367,A ~ B
4368,C ~ +
4369,C ~ +
4370,C ~ +
4371,C ~ +
4372,B ~ C
4373,C ~ +
4374,B ~ C
4375,A ~ B
4376,A ~ B
4377,C ~ +
4378,C ~ +
4379,C ~ +
4380,B ~ C
4381,C ~ +
4382,A ~ B
4383,C ~ +
4384,B ~ C
4385,B ~ C
4386,C ~ +
4387,C ~ +
4388,B ~ C
4389,C ~ +
4390,C ~ +
4391,A ~ B
4392,C ~ +
4393,B ~ C
4394,B ~ C
4395,C ~ +
4396,C ~ +
4397,C ~ +
4398,C ~ +
4399,C ~ +
4400,B ~ C
4401,C ~ +
4402,C ~ +
4403,C ~ +
4404,C ~ +
4405,B ~ C
4406,C ~ +
4407,A ~ B
4408,B ~ C
4409,C ~ +
4410,C ~ +
4411,B ~ C
4412,C ~ +
4413,C ~ +
4414,C ~ +
4415,B ~ C
4416,C ~ +
4417,C ~ +
4418,B ~ C
4419,B ~ C
4420,C ~ +
4421,C ~ +
4422,C ~ +
4423,C ~ +
4424,A ~ B
4425,A ~ B
4426,C ~ +
4427,C ~ +
4428,B ~ C
4429,B ~ C
4430,C ~ +
4431,B ~ C
4432,C ~ +
4433,C ~ +
4434,B ~ C
4435,C ~ +
4436,C ~ +
4437,A ~ B
4438,C ~ +
4439,C ~ +
4440,C ~ +
4441,C ~ +
4442,C ~ +
4443,C ~ +
4444,A ~ B
4445,A ~ B
4446,B ~ C
4447,B ~ C
4448,B ~ C
4449,C ~ +
4450,C ~ +
4451,A ~ B
4452,C ~ +
4453,C ~ +
4454,C ~ +
4455,C ~ +
4456,A ~ B
4457,0 ~ A
4458,C ~ +
4459,B ~ C
4460,C ~ +
4461,C ~ +
4462,B ~ C
4463,C ~ +
4464,C ~ +
4465,C ~ +
4466,B ~ C
4467,C ~ +
4468,C ~ +
4469,B ~ C
4470,C ~ +
4471,A ~ B
4472,C ~ +
4473,C ~ +
4474,B ~ C
4475,C ~ +
4476,B ~ C
4477,C ~ +
4478,C ~ +
4479,C ~ +
4480,C ~ +
4481,A ~ B
4482,B ~ C
4483,C ~ +
4484,A ~ B
4485,C ~ +
4486,C ~ +
4487,A ~ B
4488,C ~ +
4489,C ~ +
4490,A ~ B
4491,A ~ B
4492,B ~ C
4493,B ~ C
4494,B ~ C
4495,A ~ B
4496,C ~ +
4497,C ~ +
4498,C ~ +
4499,C ~ +
4500,C ~ +
4501,B ~ C
4502,C ~ +
4503,C ~ +
4504,B ~ C
4505,C ~ +
4506,B ~ C
4507,B ~ C
4508,C ~ +
4509,C ~ +
4510,A ~ B
4511,C ~ +
4512,C ~ +
4513,C ~ +
4514,C ~ +
4515,C ~ +
4516,C ~ +
4517,B ~ C
4518,C ~ +
4519,B ~ C
4520,B ~ C
4521,C ~ +
4522,C ~ +
4523,B ~ C
4524,A ~ B
4525,C ~ +
4526,C ~ +
4527,B ~ C
4528,B ~ C
4529,B ~ C
4530,C ~ +
4531,C ~ +
4532,C ~ +
4533,C ~ +
4534,A ~ B
4535,C ~ +
4536,B ~ C
4537,C ~ +
4538,B ~ C
4539,B ~ C
4540,C ~ +
4541,C ~ +
4542,B ~ C
4543,C ~ +
4544,C ~ +
4545,C ~ +
4546,B ~ C
4547,C ~ +
4548,C ~ +
4549,C ~ +
4550,C ~ +
4551,C ~ +
4552,B ~ C
4553,B ~ C
4554,C ~ +
4555,C ~ +
4556,C ~ +
4557,C ~ +
4558,C ~ +
4559,0 ~ A
4560,C ~ +
4561,C ~ +
4562,C ~ +
4563,C ~ +
4564,C ~ +
4565,C ~ +
4566,B ~ C
4567,C ~ +
4568,C ~ +
4569,C ~ +
4570,A ~ B
4571,A ~ B
4572,B ~ C
4573,B ~ C
4574,B ~ C
4575,C ~ +
4576,C ~ +
4577,A ~ B
4578,C ~ +
4579,C ~ +
4580,C ~ +
4581,C ~ +
4582,C ~ +
4583,C ~ +
4584,C ~ +
4585,C ~ +
4586,C ~ +
4587,C ~ +
4588,B ~ C
4589,C ~ +
4590,B ~ C
4591,C ~ +
4592,B ~ C
4593,C ~ +
4594,C ~ +
4595,C ~ +
4596,C ~ +
4597,B ~ C
4598,C ~ +
4599,C ~ +
4600,B ~ C
4601,C ~ +
4602,A ~ B
4603,A ~ B
4604,C ~ +
4605,0 ~ A
4606,B ~ C
4607,C ~ +
4608,C ~ +
4609,C ~ +
4610,C ~ +
4611,C ~ +
4612,0 ~ A
4613,C ~ +
4614,C ~ +
4615,B ~ C
4616,C ~ +
4617,B ~ C
4618,C ~ +
4619,A ~ B
4620,C ~ +
4621,C ~ +
4622,B ~ C
4623,B ~ C
4624,0 ~ A
4625,C ~ +
4626,B ~ C
4627,C ~ +
4628,C ~ +
4629,C ~ +
4630,C ~ +
4631,C ~ +
4632,C ~ +
4633,A ~ B
4634,C ~ +
4635,C ~ +
4636,C ~ +
4637,C ~ +
4638,C ~ +
4639,C ~ +
4640,B ~ C
4641,B ~ C
4642,C ~ +
4643,C ~ +
4644,0 ~ A
4645,C ~ +
4646,C ~ +
4647,C ~ +
4648,C ~ +
4649,A ~ B
4650,C ~ +
4651,C ~ +
4652,C ~ +
4653,B ~ C
4654,C ~ +
4655,C ~ +
4656,B ~ C
4657,C ~ +
4658,C ~ +
4659,C ~ +
4660,B ~ C
4661,C ~ +
4662,B ~ C
4663,A ~ B
4664,B ~ C
4665,B ~ C
4666,C ~ +
4667,A ~ B
4668,B ~ C
4669,C ~ +
4670,C ~ +
4671,A ~ B
4672,B ~ C
4673,C ~ +
4674,A ~ B
4675,B ~ C
4676,C ~ +
4677,B ~ C
4678,A ~ B
4679,C ~ +
4680,C ~ +
4681,A ~ B
4682,C ~ +
4683,C ~ +
4684,C ~ +
4685,C ~ +
4686,B ~ C
4687,C ~ +
4688,C ~ +
4689,C ~ +
4690,C ~ +
4691,C ~ +
4692,C ~ +
4693,C ~ +
4694,C ~ +
4695,C ~ +
4696,C ~ +
4697,B ~ C
4698,C ~ +
4699,C ~ +
4700,C ~ +
4701,B ~ C
4702,A ~ B
4703,C ~ +
4704,C ~ +
4705,C ~ +
4706,C ~ +
4707,B ~ C
4708,C ~ +
4709,C ~ +
4710,A ~ B
4711,A ~ B
4712,C ~ +
4713,C ~ +
4714,C ~ +
4715,C ~ +
4716,C ~ +
4717,C ~ +
4718,B ~ C
4719,B ~ C
4720,C ~ +
4721,B ~ C
4722,C ~ +
4723,C ~ +
4724,C ~ +
4725,C ~ +
4726,C ~ +
4727,C ~ +
4728,C ~ +
4729,B ~ C
4730,C ~ +
4731,B ~ C
4732,C ~ +
4733,C ~ +
4734,C ~ +
4735,C ~ +
4736,C ~ +
4737,A ~ B
4738,B ~ C
4739,C ~ +
4740,B ~ C
4741,B ~ C
4742,C ~ +
4743,B ~ C
4744,C ~ +
4745,C ~ +
4746,B ~ C
4747,C ~ +
4748,C ~ +
4749,0 ~ A
4750,C ~ +
4751,C ~ +
4752,B ~ C
4753,C ~ +
4754,A ~ B
4755,C ~ +
4756,B ~ C
4757,B ~ C
4758,B ~ C
4759,C ~ +
4760,C ~ +
4761,A ~ B
4762,C ~ +
4763,B ~ C
4764,C ~ +
4765,C ~ +
4766,C ~ +
4767,C ~ +
4768,B ~ C
4769,B ~ C
4770,C ~ +
4771,C ~ +
4772,C ~ +
4773,C ~ +
4774,C ~ +
4775,C ~ +
4776,C ~ +
4777,C ~ +
4778,C ~ +
4779,C ~ +
4780,A ~ B
4781,B ~ C
4782,B ~ C
4783,C ~ +
4784,B ~ C
4785,B ~ C
4786,C ~ +
4787,C ~ +
4788,B ~ C
4789,C ~ +
4790,B ~ C
4791,0 ~ A
4792,B ~ C
4793,C ~ +
4794,C ~ +
4795,B ~ C
4796,C ~ +
4797,C ~ +
4798,C ~ +
4799,C ~ +
4800,B ~ C
4801,C ~ +
4802,A ~ B
4803,B ~ C
4804,C ~ +
4805,C ~ +
4806,C ~ +
4807,B ~ C
4808,B ~ C
4809,C ~ +
4810,C ~ +
4811,A ~ B
4812,C ~ +
4813,C ~ +
4814,A ~ B
4815,B ~ C
4816,C ~ +
4817,C ~ +
4818,A ~ B
4819,A ~ B
4820,B ~ C
4821,C ~ +
4822,C ~ +
4823,C ~ +
4824,C ~ +
4825,B ~ C
4826,C ~ +
4827,C ~ +
4828,0 ~ A
4829,C ~ +
4830,C ~ +
4831,A ~ B
4832,C ~ +
4833,C ~ +
4834,C ~ +
4835,B ~ C
4836,C ~ +
4837,C ~ +
4838,C ~ +
4839,C ~ +
4840,C ~ +
4841,C ~ +
4842,C ~ +
4843,B ~ C
4844,B ~ C
4845,B ~ C
4846,C ~ +
4847,C ~ +
4848,C ~ +
4849,B ~ C
4850,C ~ +
4851,A ~ B
4852,C ~ +
4853,C ~ +
4854,C ~ +
4855,B ~ C
4856,B ~ C
4857,B ~ C
4858,A ~ B
4859,C ~ +
4860,B ~ C
4861,C ~ +
4862,B ~ C
4863,C ~ +
4864,C ~ +
4865,B ~ C
4866,C ~ +
4867,B ~ C
4868,C ~ +
4869,C ~ +
4870,C ~ +
4871,A ~ B
4872,A ~ B
4873,A ~ B
4874,C ~ +
4875,C ~ +
4876,C ~ +
4877,C ~ +
4878,A ~ B
4879,C ~ +
4880,C ~ +
4881,C ~ +
4882,C ~ +
4883,C ~ +
4884,B ~ C
4885,0 ~ A
4886,C ~ +
4887,C ~ +
4888,C ~ +
4889,B ~ C
4890,C ~ +
4891,C ~ +
4892,C ~ +
4893,C ~ +
4894,C ~ +
4895,B ~ C
4896,C ~ +
4897,C ~ +
4898,C ~ +
4899,B ~ C
4900,C ~ +
4901,B ~ C
4902,C ~ +
4903,C ~ +
4904,B ~ C
4905,C ~ +
4906,B ~ C
4907,A ~ B
4908,C ~ +
4909,C ~ +
4910,C ~ +
4911,C ~ +
4912,C ~ +
4913,B ~ C
4914,B ~ C
4915,C ~ +
4916,A ~ B
4917,C ~ +
4918,C ~ +
4919,C ~ +
4920,C ~ +
4921,C ~ +
4922,B ~ C
4923,C ~ +
4924,B ~ C
4925,C ~ +
4926,C ~ +
4927,A ~ B
4928,B ~ C
4929,C ~ +
4930,C ~ +
4931,C ~ +
4932,B ~ C
4933,C ~ +
4934,C ~ +
4935,C ~ +
4936,C ~ +
4937,C ~ +
4938,C ~ +
4939,C ~ +
4940,C ~ +
4941,B ~ C
4942,A ~ B
4943,B ~ C
4944,C ~ +
4945,B ~ C
4946,C ~ +
4947,C ~ +
4948,C ~ +
4949,C ~ +
4950,B ~ C
4951,C ~ +
4952,C ~ +
4953,C ~ +
4954,C ~ +
4955,C ~ +
4956,B ~ C
4957,B ~ C
4958,B ~ C
4959,C ~ +
4960,C ~ +
4961,C ~ +
4962,A ~ B
4963,C ~ +
4964,C ~ +
4965,C ~ +
4966,C ~ +
4967,B ~ C
4968,B ~ C
4969,C ~ +
4970,C ~ +
4971,C ~ +
4972,C ~ +
4973,B ~ C
4974,C ~ +
4975,B ~ C
4976,B ~ C
4977,A ~ B
4978,B ~ C
4979,C ~ +
4980,C ~ +
4981,A ~ B
4982,B ~ C
4983,A ~ B
4984,C ~ +
4985,C ~ +
4986,C ~ +
4987,A ~ B
4988,B ~ C
4989,C ~ +
4990,C ~ +
4991,C ~ +
4992,C ~ +
4993,C ~ +
4994,B ~ C
4995,B ~ C
4996,C ~ +
4997,B ~ C
4998,C ~ +
4999,C ~ +
5000,C ~ +
5001,C ~ +
5002,B ~ C
5003,B ~ C
5004,C ~ +
5005,B ~ C
5006,C ~ +
5007,C ~ +
5008,C ~ +
5009,A ~ B
5010,C ~ +
5011,C ~ +
5012,C ~ +
5013,A ~ B
5014,B ~ C
5015,C ~ +
5016,C ~ +
5017,B ~ C
5018,C ~ +
5019,C ~ +
5020,A ~ B
5021,C ~ +
5022,C ~ +
5023,C ~ +
5024,C ~ +
5025,C ~ +
5026,C ~ +
5027,A ~ B
5028,A ~ B
5029,C ~ +
5030,C ~ +
5031,A ~ B
5032,A ~ B
5033,C ~ +
5034,0 ~ A
5035,C ~ +
5036,B ~ C
5037,B ~ C
5038,C ~ +
5039,C ~ +
5040,A ~ B
5041,C ~ +
5042,C ~ +
5043,C ~ +
5044,C ~ +
5045,C ~ +
5046,C ~ +
5047,C ~ +
5048,A ~ B
5049,A ~ B
5050,C ~ +
5051,B ~ C
5052,C ~ +
5053,B ~ C
5054,0 ~ A
5055,C ~ +
5056,A ~ B
5057,C ~ +
5058,C ~ +
5059,C ~ +
5060,C ~ +
5061,A ~ B
5062,A ~ B
5063,C ~ +
5064,C ~ +
5065,C ~ +
5066,B ~ C
5067,C ~ +
5068,B ~ C
5069,A ~ B
5070,A ~ B
5071,C ~ +
5072,C ~ +
5073,C ~ +
5074,C ~ +
5075,B ~ C
5076,C ~ +
5077,C ~ +
5078,C ~ +
5079,C ~ +
5080,B ~ C
5081,B ~ C
5082,C ~ +
5083,A ~ B
5084,C ~ +
5085,B ~ C
5086,B ~ C
5087,B ~ C
5088,B ~ C
5089,C ~ +
5090,B ~ C
5091,B ~ C
5092,C ~ +
5093,C ~ +
5094,B ~ C
5095,B ~ C
5096,B ~ C
5097,B ~ C
5098,B ~ C
5099,B ~ C
5100,B ~ C
5101,C ~ +
5102,C ~ +
5103,C ~ +
5104,B ~ C
5105,B ~ C
5106,0 ~ A
5107,C ~ +
5108,C ~ +
5109,C ~ +
5110,C ~ +
5111,C ~ +
5112,C ~ +
5113,C ~ +
5114,C ~ +
5115,B ~ C
5116,B ~ C
5117,C ~ +
5118,C ~ +
5119,B ~ C
5120,A ~ B
5121,B ~ C
5122,C ~ +
5123,C ~ +
5124,C ~ +
5125,C ~ +
5126,C ~ +
5127,C ~ +
5128,C ~ +
5129,C ~ +
5130,B ~ C
5131,C ~ +
5132,A ~ B
5133,C ~ +
5134,B ~ C
5135,C ~ +
5136,C ~ +
5137,B ~ C
5138,B ~ C
5139,A ~ B
5140,C ~ +
5141,C ~ +
5142,C ~ +
5143,C ~ +
5144,B ~ C
5145,C ~ +
5146,A ~ B
5147,C ~ +
5148,C ~ +
5149,C ~ +
5150,C ~ +
5151,C ~ +
5152,C ~ +
5153,C ~ +
5154,C ~ +
5155,B ~ C
5156,C ~ +
5157,B ~ C
5158,C ~ +
5159,B ~ C
5160,B ~ C
5161,C ~ +
5162,B ~ C
5163,B ~ C
5164,A ~ B
5165,C ~ +
5166,B ~ C
5167,C ~ +
5168,B ~ C
5169,B ~ C
5170,B ~ C
5171,C ~ +
5172,B ~ C
5173,B ~ C
5174,B ~ C
5175,C ~ +
5176,C ~ +
5177,C ~ +
5178,B ~ C
5179,C ~ +
5180,C ~ +
5181,B ~ C
5182,C ~ +
5183,C ~ +
5184,C ~ +
5185,C ~ +
5186,B ~ C
5187,C ~ +
5188,B ~ C
5189,C ~ +
5190,A ~ B
5191,0 ~ A
5192,C ~ +
5193,B ~ C
5194,C ~ +
5195,C ~ +
5196,A ~ B
5197,C ~ +
5198,C ~ +
5199,C ~ +
5200,C ~ +
5201,B ~ C
5202,B ~ C
5203,B ~ C
5204,C ~ +
5205,C ~ +
5206,B ~ C
5207,A ~ B
5208,B ~ C
5209,C ~ +
5210,C ~ +
5211,A ~ B
5212,C ~ +
5213,C ~ +
5214,C ~ +
5215,B ~ C
5216,B ~ C
5217,C ~ +
5218,C ~ +
5219,C ~ +
5220,C ~ +
5221,C ~ +
5222,C ~ +
5223,B ~ C
5224,C ~ +
5225,C ~ +
5226,A ~ B
5227,A ~ B
5228,C ~ +
5229,B ~ C
5230,B ~ C
5231,C ~ +
5232,C ~ +
5233,C ~ +
5234,C ~ +
5235,B ~ C
5236,A ~ B
5237,C ~ +
5238,B ~ C
5239,C ~ +
5240,C ~ +
5241,C ~ +
5242,A ~ B
5243,C ~ +
5244,B ~ C
5245,B ~ C
5246,C ~ +
5247,C ~ +
5248,A ~ B
5249,A ~ B
5250,C ~ +
5251,C ~ +
5252,B ~ C
5253,C ~ +
5254,C ~ +
5255,A ~ B
5256,B ~ C
5257,C ~ +
5258,A ~ B
5259,B ~ C
5260,C ~ +
5261,0 ~ A
5262,C ~ +
5263,A ~ B
5264,B ~ C
5265,C ~ +
5266,C ~ +
5267,C ~ +
5268,C ~ +
5269,C ~ +
5270,A ~ B
5271,C ~ +
5272,C ~ +
5273,B ~ C
5274,C ~ +
5275,C ~ +
5276,C ~ +
5277,A ~ B
5278,C ~ +
5279,C ~ +
5280,A ~ B
5281,C ~ +
5282,C ~ +
5283,A ~ B
5284,B ~ C
5285,C ~ +
5286,C ~ +
5287,C ~ +
5288,C ~ +
5289,C ~ +
5290,C ~ +
5291,C ~ +
5292,C ~ +
5293,C ~ +
5294,C ~ +
5295,C ~ +
5296,C ~ +
5297,C ~ +
5298,A ~ B
5299,A ~ B
5300,C ~ +
5301,C ~ +
5302,A ~ B
5303,C ~ +
5304,C ~ +
5305,0 ~ A
5306,B ~ C
5307,C ~ +
5308,B ~ C
5309,C ~ +
5310,A ~ B
5311,C ~ +
5312,B ~ C
5313,C ~ +
5314,B ~ C
5315,B ~ C
5316,C ~ +
5317,C ~ +
5318,C ~ +
5319,B ~ C
5320,A ~ B
5321,B ~ C
5322,B ~ C
5323,C ~ +
5324,C ~ +
5325,C ~ +
5326,C ~ +
5327,C ~ +
5328,C ~ +
5329,C ~ +
5330,C ~ +
5331,C ~ +
5332,C ~ +
5333,A ~ B
5334,C ~ +
5335,B ~ C
5336,C ~ +
5337,B ~ C
5338,C ~ +
5339,C ~ +
5340,C ~ +
5341,A ~ B
5342,C ~ +
5343,A ~ B
5344,C ~ +
5345,A ~ B
5346,B ~ C
5347,C ~ +
5348,B ~ C
5349,C ~ +
5350,C ~ +
5351,C ~ +
5352,C ~ +
5353,C ~ +
5354,C ~ +
5355,C ~ +
5356,C ~ +
5357,B ~ C
5358,C ~ +
5359,0 ~ A
5360,C ~ +
5361,C ~ +
5362,B ~ C
5363,C ~ +
5364,C ~ +
5365,C ~ +
5366,C ~ +
5367,B ~ C
5368,B ~ C
5369,C ~ +
5370,C ~ +
5371,A ~ B
5372,B ~ C
5373,C ~ +
5374,C ~ +
5375,C ~ +
5376,B ~ C
5377,B ~ C
5378,B ~ C
5379,C ~ +
5380,C ~ +
5381,B ~ C
5382,B ~ C
5383,B ~ C
5384,C ~ +
5385,C ~ +
5386,B ~ C
5387,C ~ +
5388,C ~ +
5389,C ~ +
5390,C ~ +
5391,C ~ +
5392,C ~ +
5393,C ~ +
5394,C ~ +
5395,C ~ +
5396,C ~ +
5397,C ~ +
5398,C ~ +
5399,C ~ +
5400,C ~ +
5401,C ~ +
5402,B ~ C
5403,C ~ +
5404,A ~ B
5405,C ~ +
5406,C ~ +
5407,A ~ B
5408,B ~ C
5409,C ~ +
5410,C ~ +
5411,A ~ B
5412,B ~ C
5413,C ~ +
5414,C ~ +
5415,C ~ +
5416,B ~ C
5417,A ~ B
5418,B ~ C
5419,C ~ +
5420,C ~ +
5421,B ~ C
5422,A ~ B
5423,C ~ +
5424,C ~ +
5425,C ~ +
5426,C ~ +
5427,C ~ +
5428,C ~ +
5429,C ~ +
5430,C ~ +
5431,A ~ B
5432,B ~ C
5433,B ~ C
5434,B ~ C
5435,C ~ +
5436,A ~ B
5437,C ~ +
5438,C ~ +
5439,B ~ C
5440,C ~ +
5441,C ~ +
5442,C ~ +
5443,C ~ +
5444,C ~ +
5445,A ~ B
5446,A ~ B
5447,C ~ +
5448,C ~ +
5449,C ~ +
5450,C ~ +
5451,B ~ C
5452,B ~ C
5453,C ~ +
5454,C ~ +
5455,C ~ +
5456,B ~ C
5457,C ~ +
5458,B ~ C
5459,C ~ +
5460,B ~ C
5461,C ~ +
5462,A ~ B
5463,C ~ +
5464,C ~ +
5465,C ~ +
5466,B ~ C
5467,C ~ +
5468,C ~ +
5469,C ~ +
5470,C ~ +
5471,0 ~ A
5472,C ~ +
5473,C ~ +
5474,C ~ +
5475,A ~ B
5476,C ~ +
5477,C ~ +
5478,0 ~ A
5479,C ~ +
5480,C ~ +
5481,B ~ C
5482,C ~ +
5483,C ~ +
5484,C ~ +
5485,C ~ +
5486,C ~ +
5487,C ~ +
5488,C ~ +
5489,C ~ +
5490,B ~ C
5491,C ~ +
5492,A ~ B
5493,C ~ +
5494,C ~ +
5495,C ~ +
5496,C ~ +
5497,C ~ +
5498,C ~ +
5499,0 ~ A
5500,B ~ C
5501,B ~ C
5502,C ~ +
5503,B ~ C
5504,C ~ +
5505,B ~ C
5506,C ~ +
5507,A ~ B
5508,C ~ +
5509,B ~ C
5510,C ~ +
5511,C ~ +
5512,C ~ +
5513,B ~ C
5514,B ~ C
5515,C ~ +
5516,B ~ C
5517,B ~ C
5518,C ~ +
5519,A ~ B
5520,C ~ +
5521,C ~ +
5522,C ~ +
5523,C ~ +
5524,B ~ C
5525,C ~ +
5526,B ~ C
5527,C ~ +
5528,B ~ C
5529,C ~ +
5530,A ~ B
5531,B ~ C
5532,C ~ +
5533,C ~ +
5534,A ~ B
5535,B ~ C
5536,C ~ +
5537,C ~ +
5538,C ~ +
5539,C ~ +
5540,B ~ C
5541,A ~ B
5542,C ~ +
5543,C ~ +
5544,C ~ +
5545,A ~ B
5546,B ~ C
5547,C ~ +
5548,B ~ C
5549,B ~ C
5550,C ~ +
5551,C ~ +
5552,C ~ +
5553,C ~ +
5554,C ~ +
5555,C ~ +
5556,C ~ +
5557,C ~ +
5558,C ~ +
5559,C ~ +
5560,A ~ B
5561,C ~ +
5562,B ~ C
5563,0 ~ A
5564,C ~ +
5565,C ~ +
5566,C ~ +
5567,C ~ +
5568,A ~ B
5569,C ~ +
5570,B ~ C
5571,C ~ +
5572,C ~ +
5573,C ~ +
5574,C ~ +
5575,C ~ +
5576,C ~ +
5577,B ~ C
5578,C ~ +
5579,C ~ +
5580,B ~ C
5581,C ~ +
5582,B ~ C
5583,A ~ B
5584,A ~ B
5585,C ~ +
5586,A ~ B
5587,C ~ +
5588,B ~ C
5589,B ~ C
5590,A ~ B
5591,C ~ +
5592,C ~ +
5593,C ~ +
5594,B ~ C
5595,C ~ +
5596,B ~ C
5597,B ~ C
5598,C ~ +
5599,C ~ +
5600,C ~ +
5601,C ~ +
5602,C ~ +
5603,B ~ C
5604,C ~ +
5605,B ~ C
5606,C ~ +
5607,A ~ B
5608,C ~ +
5609,C ~ +
5610,A ~ B
5611,C ~ +
5612,B ~ C
5613,C ~ +
5614,C ~ +
5615,C ~ +
5616,C ~ +
5617,C ~ +
5618,A ~ B
5619,C ~ +
5620,B ~ C
5621,C ~ +
5622,C ~ +
5623,C ~ +
5624,B ~ C
5625,C ~ +
5626,C ~ +
5627,A ~ B
5628,B ~ C
5629,C ~ +
5630,C ~ +
5631,A ~ B
5632,B ~ C
5633,C ~ +
5634,C ~ +
5635,C ~ +
5636,C ~ +
5637,A ~ B
5638,C ~ +
5639,C ~ +
5640,C ~ +
5641,B ~ C
5642,C ~ +
5643,C ~ +
5644,B ~ C
5645,A ~ B
5646,C ~ +
5647,C ~ +
5648,B ~ C
5649,B ~ C
5650,C ~ +
5651,B ~ C
5652,C ~ +
5653,C ~ +
5654,C ~ +
5655,C ~ +
5656,C ~ +
5657,C ~ +
5658,A ~ B
5659,A ~ B
5660,C ~ +
5661,B ~ C
5662,C ~ +
5663,C ~ +
5664,B ~ C
5665,B ~ C
5666,C ~ +
5667,0 ~ A
5668,A ~ B
5669,A ~ B
5670,C ~ +
5671,B ~ C
5672,C ~ +
5673,C ~ +
5674,B ~ C
5675,B ~ C
5676,B ~ C
5677,A ~ B
5678,C ~ +
5679,C ~ +
5680,C ~ +
5681,A ~ B
5682,B ~ C
5683,C ~ +
5684,C ~ +
5685,B ~ C
5686,A ~ B
5687,C ~ +
5688,C ~ +
5689,B ~ C
5690,A ~ B
5691,B ~ C
5692,A ~ B
5693,B ~ C
5694,B ~ C
5695,B ~ C
5696,C ~ +
5697,B ~ C
5698,C ~ +
5699,C ~ +
5700,B ~ C
5701,A ~ B
5702,C ~ +
5703,C ~ +
5704,C ~ +
5705,C ~ +
5706,C ~ +
5707,B ~ C
5708,B ~ C
5709,C ~ +
5710,0 ~ A
5711,C ~ +
5712,A ~ B
5713,B ~ C
5714,C ~ +
5715,C ~ +
5716,C ~ +
5717,C ~ +
5718,B ~ C
5719,B ~ C
5720,C ~ +
5721,C ~ +
5722,A ~ B
5723,C ~ +
5724,B ~ C
5725,C ~ +
5726,B ~ C
5727,C ~ +
5728,C ~ +
5729,C ~ +
5730,C ~ +
5731,B ~ C
5732,C ~ +
5733,B ~ C
5734,A ~ B
5735,C ~ +
5736,C ~ +
5737,C ~ +
5738,A ~ B
5739,C ~ +
5740,C ~ +
5741,C ~ +
5742,C ~ +
5743,A ~ B
5744,C ~ +
5745,A ~ B
5746,C ~ +
5747,C ~ +
5748,C ~ +
5749,C ~ +
5750,C ~ +
5751,C ~ +
5752,C ~ +
5753,C ~ +
5754,C ~ +
5755,C ~ +
5756,C ~ +
5757,C ~ +
5758,B ~ C
5759,B ~ C
5760,C ~ +
5761,C ~ +
5762,C ~ +
5763,B ~ C
5764,B ~ C
5765,C ~ +
5766,B ~ C
5767,C ~ +
5768,C ~ +
5769,B ~ C
5770,A ~ B
5771,C ~ +
5772,C ~ +
5773,C ~ +
5774,B ~ C
5775,A ~ B
5776,C ~ +
5777,C ~ +
5778,C ~ +
5779,B ~ C
5780,B ~ C
5781,C ~ +
5782,B ~ C
5783,B ~ C
5784,C ~ +
5785,C ~ +
5786,C ~ +
5787,B ~ C
5788,C ~ +
5789,C ~ +
5790,C ~ +
5791,B ~ C
5792,A ~ B
5793,A ~ B
5794,B ~ C
5795,C ~ +
5796,B ~ C
5797,C ~ +
5798,C ~ +
5799,C ~ +
5800,C ~ +
5801,B ~ C
5802,B ~ C
5803,C ~ +
5804,B ~ C
5805,C ~ +
5806,C ~ +
5807,C ~ +
5808,C ~ +
5809,B ~ C
5810,C ~ +
5811,A ~ B
5812,C ~ +
5813,C ~ +
5814,C ~ +
5815,B ~ C
5816,C ~ +
5817,A ~ B
5818,C ~ +
5819,C ~ +
5820,C ~ +
5821,B ~ C
5822,B ~ C
5823,C ~ +
5824,C ~ +
5825,C ~ +
5826,C ~ +
5827,B ~ C
5828,C ~ +
5829,C ~ +
5830,C ~ +
5831,B ~ C
5832,C ~ +
5833,C ~ +
5834,C ~ +
5835,C ~ +
5836,C ~ +
5837,C ~ +
5838,B ~ C
5839,B ~ C
5840,C ~ +
5841,C ~ +
5842,C ~ +
5843,B ~ C
5844,C ~ +
5845,A ~ B
5846,C ~ +
5847,C ~ +
5848,B ~ C
5849,C ~ +
5850,B ~ C
5851,A ~ B
5852,A ~ B
5853,C ~ +
5854,C ~ +
5855,C ~ +
5856,C ~ +
5857,C ~ +
5858,C ~ +
5859,C ~ +
5860,B ~ C
5861,B ~ C
5862,B ~ C
5863,C ~ +
5864,C ~ +
5865,B ~ C
5866,0 ~ A
5867,0 ~ A
5868,B ~ C
5869,B ~ C
5870,B ~ C
5871,B ~ C
5872,C ~ +
5873,A ~ B
5874,C ~ +
5875,C ~ +
5876,B ~ C
5877,A ~ B
5878,C ~ +
5879,A ~ B
5880,A ~ B
5881,B ~ C
5882,C ~ +
5883,C ~ +
5884,C ~ +
5885,C ~ +
5886,B ~ C
5887,C ~ +
5888,B ~ C
5889,B ~ C
5890,C ~ +
5891,C ~ +
5892,C ~ +
5893,B ~ C
5894,C ~ +
5895,B ~ C
5896,C ~ +
5897,C ~ +
5898,B ~ C
5899,B ~ C
5900,C ~ +
5901,C ~ +
5902,B ~ C
5903,B ~ C
5904,B ~ C
5905,C ~ +
5906,C ~ +
5907,C ~ +
5908,C ~ +
5909,B ~ C
5910,A ~ B
5911,C ~ +
5912,B ~ C
5913,B ~ C
5914,B ~ C
5915,B ~ C
5916,C ~ +
5917,C ~ +
5918,C ~ +
5919,B ~ C
5920,C ~ +
5921,B ~ C
5922,B ~ C
5923,B ~ C
5924,C ~ +
5925,C ~ +
5926,B ~ C
5927,B ~ C
5928,B ~ C
5929,C ~ +
5930,C ~ +
5931,C ~ +
5932,C ~ +
5933,C ~ +
5934,B ~ C
5935,C ~ +
5936,C ~ +
5937,C ~ +
5938,C ~ +
5939,C ~ +
5940,B ~ C
5941,C ~ +
5942,C ~ +
5943,C ~ +
5944,B ~ C
5945,C ~ +
5946,B ~ C
5947,C ~ +
5948,C ~ +
5949,B ~ C
5950,B ~ C
5951,C ~ +
5952,B ~ C
5953,B ~ C
5954,C ~ +
5955,C ~ +
5956,B ~ C
5957,C ~ +
5958,C ~ +
5959,C ~ +
5960,C ~ +
5961,C ~ +
5962,C ~ +
5963,A ~ B
5964,A ~ B
5965,C ~ +
5966,C ~ +
5967,B ~ C
5968,A ~ B
5969,C ~ +
5970,A ~ B
5971,B ~ C
5972,C ~ +
5973,C ~ +
5974,C ~ +
5975,C ~ +
5976,0 ~ A
5977,C ~ +
5978,C ~ +
5979,C ~ +
5980,B ~ C
5981,C ~ +
5982,C ~ +
5983,B ~ C
5984,B ~ C
5985,B ~ C
5986,C ~ +
5987,0 ~ A
5988,B ~ C
5989,C ~ +
5990,B ~ C
5991,B ~ C
5992,C ~ +
5993,B ~ C
5994,C ~ +
5995,C ~ +
5996,B ~ C
5997,C ~ +
5998,A ~ B
5999,C ~ +
6000,B ~ C
6001,B ~ C
6002,B ~ C
6003,C ~ +
6004,C ~ +
6005,A ~ B
6006,A ~ B
6007,B ~ C
6008,C ~ +
6009,C ~ +
6010,C ~ +
6011,C ~ +
6012,A ~ B
6013,C ~ +
6014,C ~ +
6015,C ~ +
6016,B ~ C
6017,C ~ +
6018,C ~ +
6019,C ~ +
6020,C ~ +
6021,C ~ +
6022,B ~ C
6023,C ~ +
6024,B ~ C
6025,C ~ +
6026,C ~ +
6027,0 ~ A
6028,C ~ +
6029,A ~ B
6030,C ~ +
6031,C ~ +
6032,B ~ C
6033,B ~ C
6034,A ~ B
6035,B ~ C
6036,B ~ C
6037,C ~ +
6038,C ~ +
6039,C ~ +
6040,C ~ +
6041,C ~ +
6042,A ~ B
6043,B ~ C
6044,C ~ +
6045,A ~ B
6046,C ~ +
6047,B ~ C
6048,C ~ +
6049,C ~ +
6050,A ~ B
6051,C ~ +
6052,C ~ +
6053,0 ~ A
6054,C ~ +
6055,C ~ +
6056,C ~ +
6057,A ~ B
6058,C ~ +
6059,C ~ +
6060,C ~ +
6061,C ~ +
6062,A ~ B
6063,C ~ +
6064,B ~ C
6065,A ~ B
6066,C ~ +
6067,A ~ B
6068,C ~ +
6069,C ~ +
6070,B ~ C
6071,B ~ C
6072,B ~ C
6073,B ~ C
6074,C ~ +
6075,C ~ +
6076,B ~ C
6077,C ~ +
6078,C ~ +
6079,B ~ C
6080,B ~ C
6081,B ~ C
6082,C ~ +
6083,B ~ C
6084,B ~ C
6085,B ~ C
6086,C ~ +
6087,C ~ +
6088,C ~ +
6089,C ~ +
6090,C ~ +
6091,C ~ +
6092,C ~ +
6093,A ~ B
6094,C ~ +
6095,A ~ B
6096,C ~ +
6097,C ~ +
6098,A ~ B
6099,B ~ C
6100,C ~ +
6101,C ~ +
6102,B ~ C
6103,C ~ +
6104,B ~ C
6105,C ~ +
6106,A ~ B
6107,C ~ +
6108,C ~ +
6109,C ~ +
6110,C ~ +
6111,B ~ C
6112,B ~ C
6113,B ~ C
6114,C ~ +
6115,B ~ C
6116,C ~ +
6117,C ~ +
6118,B ~ C
6119,B ~ C
6120,B ~ C
6121,C ~ +
6122,C ~ +
6123,C ~ +
6124,C ~ +
6125,C ~ +
6126,C ~ +
6127,C ~ +
6128,C ~ +
6129,C ~ +
6130,B ~ C
6131,C ~ +
6132,C ~ +
6133,B ~ C
6134,B ~ C
6135,A ~ B
6136,C ~ +
6137,A ~ B
6138,C ~ +
6139,C ~ +
6140,B ~ C
6141,B ~ C
6142,C ~ +
6143,B ~ C
6144,C ~ +
6145,C ~ +
6146,C ~ +
6147,B ~ C
6148,C ~ +
6149,B ~ C
6150,B ~ C
6151,C ~ +
6152,C ~ +
6153,C ~ +
6154,C ~ +
6155,B ~ C
6156,C ~ +
6157,C ~ +
6158,C ~ +
6159,C ~ +
6160,B ~ C
6161,A ~ B
6162,C ~ +
6163,C ~ +
6164,C ~ +
6165,C ~ +
6166,B ~ C
6167,C ~ +
6168,C ~ +
6169,C ~ +
6170,C ~ +
6171,B ~ C
6172,C ~ +
6173,C ~ +
6174,B ~ C
6175,C ~ +
6176,A ~ B
6177,C ~ +
6178,C ~ +
6179,C ~ +
6180,B ~ C
6181,C ~ +
6182,C ~ +
6183,C ~ +
6184,C ~ +
6185,C ~ +
6186,C ~ +
6187,C ~ +
6188,B ~ C
6189,C ~ +
6190,C ~ +
6191,C ~ +
6192,C ~ +
6193,C ~ +
6194,C ~ +
6195,B ~ C
6196,C ~ +
6197,A ~ B
6198,B ~ C
6199,C ~ +
6200,B ~ C
6201,A ~ B
6202,C ~ +
6203,C ~ +
6204,C ~ +
6205,C ~ +
6206,C ~ +
6207,B ~ C
6208,A ~ B
6209,A ~ B
6210,B ~ C
6211,B ~ C
6212,C ~ +
6213,C ~ +
6214,B ~ C
6215,B ~ C
6216,C ~ +
6217,C ~ +
6218,C ~ +
6219,C ~ +
6220,C ~ +
6221,A ~ B
6222,C ~ +
6223,C ~ +
6224,0 ~ A
6225,C ~ +
6226,B ~ C
6227,0 ~ A
6228,C ~ +
6229,C ~ +
6230,C ~ +
6231,C ~ +
6232,C ~ +
6233,B ~ C
6234,C ~ +
6235,C ~ +
6236,C ~ +
6237,C ~ +
6238,C ~ +
6239,A ~ B
6240,B ~ C
6241,C ~ +
6242,C ~ +
6243,C ~ +
6244,B ~ C
6245,C ~ +
6246,A ~ B
6247,C ~ +
6248,B ~ C
6249,B ~ C
6250,C ~ +
6251,C ~ +
6252,C ~ +
6253,B ~ C
6254,C ~ +
6255,A ~ B
6256,B ~ C
6257,C ~ +
6258,C ~ +
6259,B ~ C
6260,C ~ +
6261,C ~ +
6262,C ~ +
6263,A ~ B
6264,B ~ C
6265,C ~ +
6266,C ~ +
6267,C ~ +
6268,C ~ +
6269,B ~ C
6270,C ~ +
6271,A ~ B
6272,C ~ +
6273,C ~ +
6274,C ~ +
6275,A ~ B
6276,C ~ +
6277,C ~ +
6278,C ~ +
6279,A ~ B
6280,C ~ +
6281,B ~ C
6282,B ~ C
6283,C ~ +
6284,C ~ +
6285,B ~ C
6286,C ~ +
6287,C ~ +
6288,C ~ +
6289,A ~ B
6290,C ~ +
6291,C ~ +
6292,A ~ B
6293,C ~ +
6294,C ~ +
6295,B ~ C
6296,B ~ C
6297,C ~ +
6298,B ~ C
6299,C ~ +
6300,B ~ C
6301,B ~ C
6302,C ~ +
6303,B ~ C
6304,C ~ +
6305,B ~ C
6306,C ~ +
6307,B ~ C
6308,B ~ C
6309,C ~ +
6310,C ~ +
6311,C ~ +
6312,C ~ +
6313,C ~ +
6314,C ~ +
6315,C ~ +
6316,C ~ +
6317,B ~ C
6318,C ~ +
6319,B ~ C
6320,C ~ +
6321,B ~ C
6322,B ~ C
6323,A ~ B
6324,B ~ C
6325,C ~ +
6326,C ~ +
6327,C ~ +
6328,C ~ +
6329,B ~ C
6330,C ~ +
6331,C ~ +
6332,B ~ C
6333,C ~ +
6334,C ~ +
6335,B ~ C
6336,B ~ C
6337,B ~ C
6338,B ~ C
6339,B ~ C
6340,C ~ +
6341,C ~ +
6342,C ~ +
6343,A ~ B
6344,C ~ +
6345,C ~ +
6346,C ~ +
6347,C ~ +
6348,B ~ C
6349,A ~ B
6350,C ~ +
6351,B ~ C
6352,A ~ B
6353,A ~ B
6354,B ~ C
6355,C ~ +
6356,C ~ +
6357,C ~ +
6358,C ~ +
6359,C ~ +
6360,B ~ C
6361,A ~ B
6362,A ~ B
6363,B ~ C
6364,C ~ +
6365,A ~ B
6366,A ~ B
6367,C ~ +
6368,B ~ C
6369,C ~ +
6370,C ~ +
6371,B ~ C
6372,B ~ C
6373,C ~ +
6374,C ~ +
6375,C ~ +
6376,C ~ +
6377,B ~ C
6378,C ~ +
6379,B ~ C
6380,A ~ B
6381,C ~ +
6382,C ~ +
6383,C ~ +
6384,C ~ +
6385,A ~ B
6386,A ~ B
6387,C ~ +
6388,B ~ C
6389,C ~ +
6390,C ~ +
6391,C ~ +
6392,C ~ +
6393,A ~ B
6394,C ~ +
6395,B ~ C
6396,B ~ C
6397,C ~ +
6398,C ~ +
6399,B ~ C
6400,B ~ C
6401,A ~ B
6402,B ~ C
6403,B ~ C
6404,B ~ C
6405,C ~ +
6406,B ~ C
6407,C ~ +
6408,C ~ +
6409,A ~ B
6410,C ~ +
6411,B ~ C
6412,C ~ +
6413,C ~ +
6414,B ~ C
6415,C ~ +
6416,B ~ C
6417,C ~ +
6418,B ~ C
6419,C ~ +
6420,B ~ C
6421,C ~ +
6422,C ~ +
6423,B ~ C
6424,A ~ B
6425,B ~ C
6426,B ~ C
6427,C ~ +
6428,C ~ +
6429,C ~ +
6430,C ~ +
6431,C ~ +
6432,C ~ +
6433,C ~ +
6434,B ~ C
6435,C ~ +
6436,C ~ +
6437,C ~ +
6438,C ~ +
6439,B ~ C
6440,B ~ C
6441,C ~ +
6442,C ~ +
6443,C ~ +
6444,C ~ +
6445,C ~ +
6446,C ~ +
6447,C ~ +
6448,C ~ +
6449,C ~ +
6450,C ~ +
6451,C ~ +
6452,C ~ +
6453,B ~ C
6454,C ~ +
6455,B ~ C
6456,C ~ +
6457,C ~ +
6458,A ~ B
6459,0 ~ A
6460,C ~ +
6461,C ~ +
6462,C ~ +
6463,B ~ C
6464,B ~ C
6465,C ~ +
6466,A ~ B
6467,B ~ C
6468,C ~ +
6469,C ~ +
6470,B ~ C
6471,C ~ +
6472,C ~ +
6473,C ~ +
6474,C ~ +
6475,C ~ +
6476,A ~ B
6477,C ~ +
6478,C ~ +
6479,C ~ +
6480,B ~ C
6481,C ~ +
6482,C ~ +
6483,B ~ C
6484,C ~ +
6485,B ~ C
6486,B ~ C
6487,C ~ +
6488,C ~ +
6489,C ~ +
6490,C ~ +
6491,B ~ C
6492,B ~ C
6493,C ~ +
6494,C ~ +
6495,C ~ +
6496,C ~ +
6497,A ~ B
6498,B ~ C
6499,0 ~ A
6500,C ~ +
6501,C ~ +
6502,C ~ +
6503,C ~ +
6504,C ~ +
6505,C ~ +
6506,C ~ +
6507,C ~ +
6508,C ~ +
6509,B ~ C
6510,C ~ +
6511,C ~ +
6512,C ~ +
6513,C ~ +
6514,C ~ +
6515,C ~ +
6516,C ~ +
6517,B ~ C
6518,B ~ C
6519,C ~ +
6520,A ~ B
6521,B ~ C
6522,C ~ +
6523,C ~ +
6524,0 ~ A
6525,B ~ C
6526,C ~ +
6527,C ~ +
6528,C ~ +
6529,B ~ C
6530,C ~ +
6531,A ~ B
6532,B ~ C
6533,A ~ B
6534,B ~ C
6535,A ~ B
6536,C ~ +
6537,C ~ +
6538,A ~ B
6539,C ~ +
6540,B ~ C
6541,C ~ +
6542,C ~ +
6543,B ~ C
6544,C ~ +
6545,C ~ +
6546,C ~ +
6547,C ~ +
6548,A ~ B
6549,C ~ +
6550,C ~ +
6551,B ~ C
6552,B ~ C
6553,C ~ +
6554,C ~ +
6555,C ~ +
6556,C ~ +
6557,C ~ +
6558,B ~ C
6559,B ~ C
6560,B ~ C
6561,C ~ +
6562,C ~ +
6563,C ~ +
6564,C ~ +
6565,C ~ +
6566,C ~ +
6567,C ~ +
6568,B ~ C
6569,C ~ +
6570,C ~ +
6571,C ~ +
6572,B ~ C
6573,C ~ +
6574,C ~ +
6575,B ~ C
6576,0 ~ A
6577,C ~ +
6578,B ~ C
6579,A ~ B
6580,B ~ C
6581,A ~ B
6582,C ~ +
6583,C ~ +
6584,C ~ +
6585,B ~ C
6586,B ~ C
6587,C ~ +
6588,C ~ +
6589,C ~ +
6590,C ~ +
6591,C ~ +
6592,C ~ +
6593,C ~ +
6594,B ~ C
6595,C ~ +
6596,C ~ +
6597,C ~ +
6598,B ~ C
6599,B ~ C
6600,C ~ +
6601,C ~ +
6602,C ~ +
6603,B ~ C
6604,C ~ +
6605,B ~ C
6606,C ~ +
6607,C ~ +
6608,C ~ +
6609,C ~ +
6610,C ~ +
6611,A ~ B
6612,C ~ +
6613,B ~ C
6614,C ~ +
6615,C ~ +
6616,B ~ C
6617,B ~ C
6618,C ~ +
6619,A ~ B
6620,C ~ +
6621,C ~ +
6622,C ~ +
6623,B ~ C
6624,A ~ B
6625,C ~ +
6626,B ~ C
6627,C ~ +
6628,A ~ B
6629,C ~ +
6630,C ~ +
6631,C ~ +
6632,C ~ +
6633,C ~ +
6634,C ~ +
6635,C ~ +
6636,B ~ C
6637,C ~ +
6638,C ~ +
6639,C ~ +
6640,B ~ C
6641,C ~ +
6642,C ~ +
6643,C ~ +
6644,C ~ +
6645,C ~ +
6646,B ~ C
6647,B ~ C
6648,C ~ +
6649,C ~ +
6650,B ~ C
6651,B ~ C
6652,C ~ +
6653,C ~ +
6654,B ~ C
6655,A ~ B
6656,C ~ +
6657,C ~ +
6658,A ~ B
6659,C ~ +
6660,A ~ B
6661,C ~ +
6662,C ~ +
6663,C ~ +
6664,B ~ C
6665,B ~ C
6666,C ~ +
6667,C ~ +
6668,C ~ +
6669,B ~ C
6670,C ~ +
6671,B ~ C
6672,C ~ +
6673,C ~ +
6674,B ~ C
6675,C ~ +
6676,C ~ +
6677,B ~ C
6678,C ~ +
6679,C ~ +
6680,C ~ +
6681,C ~ +
6682,C ~ +
6683,C ~ +
6684,C ~ +
6685,C ~ +
6686,B ~ C
6687,C ~ +
6688,C ~ +
6689,C ~ +
6690,C ~ +
6691,A ~ B
6692,B ~ C
6693,A ~ B
6694,C ~ +
6695,C ~ +
6696,C ~ +
6697,C ~ +
6698,C ~ +
6699,A ~ B
6700,C ~ +
6701,C ~ +
6702,C ~ +
6703,A ~ B
6704,B ~ C
6705,C ~ +
6706,C ~ +
6707,A ~ B
6708,C ~ +
6709,A ~ B
6710,C ~ +
6711,C ~ +
6712,C ~ +
6713,C ~ +
6714,C ~ +
6715,C ~ +
6716,C ~ +
6717,C ~ +
6718,C ~ +
6719,C ~ +
6720,C ~ +
6721,A ~ B
6722,C ~ +
6723,B ~ C
6724,B ~ C
6725,A ~ B
6726,C ~ +
6727,C ~ +
6728,0 ~ A
6729,C ~ +
6730,B ~ C
6731,C ~ +
6732,0 ~ A
6733,B ~ C
6734,C ~ +
6735,C ~ +
6736,A ~ B
6737,B ~ C
6738,B ~ C
6739,C ~ +
6740,A ~ B
6741,B ~ C
6742,C ~ +
6743,B ~ C
6744,C ~ +
6745,C ~ +
6746,A ~ B
6747,C ~ +
6748,C ~ +
6749,C ~ +
6750,C ~ +
6751,A ~ B
6752,B ~ C
6753,C ~ +
6754,C ~ +
6755,C ~ +
6756,A ~ B
6757,A ~ B
6758,C ~ +
6759,0 ~ A
6760,C ~ +
6761,B ~ C
6762,C ~ +
6763,B ~ C
6764,C ~ +
6765,C ~ +
6766,C ~ +
6767,C ~ +
6768,C ~ +
6769,C ~ +
6770,B ~ C
6771,C ~ +
6772,C ~ +
6773,A ~ B
6774,B ~ C
6775,C ~ +
6776,B ~ C
6777,B ~ C
6778,B ~ C
6779,C ~ +
6780,C ~ +
6781,B ~ C
6782,C ~ +
6783,C ~ +
6784,C ~ +
6785,C ~ +
6786,B ~ C
6787,C ~ +
6788,B ~ C
6789,C ~ +
6790,C ~ +
6791,A ~ B
6792,C ~ +
6793,C ~ +
6794,A ~ B
6795,C ~ +
6796,C ~ +
6797,B ~ C
6798,C ~ +
6799,C ~ +
6800,A ~ B
6801,C ~ +
6802,C ~ +
6803,A ~ B
6804,C ~ +
6805,C ~ +
6806,C ~ +
6807,C ~ +
6808,B ~ C
6809,C ~ +
6810,A ~ B
6811,C ~ +
6812,B ~ C
6813,C ~ +
6814,C ~ +
6815,C ~ +
6816,B ~ C
6817,C ~ +
6818,B ~ C
6819,B ~ C
6820,C ~ +
6821,A ~ B
6822,A ~ B
6823,C ~ +
6824,B ~ C
6825,B ~ C
6826,B ~ C
6827,B ~ C
6828,B ~ C
6829,C ~ +
6830,C ~ +
6831,0 ~ A
6832,B ~ C
6833,B ~ C
6834,C ~ +
6835,B ~ C
6836,C ~ +
6837,C ~ +
6838,B ~ C
6839,B ~ C
6840,C ~ +
6841,B ~ C
6842,C ~ +
6843,C ~ +
6844,C ~ +
6845,B ~ C
6846,C ~ +
6847,B ~ C
6848,C ~ +
6849,B ~ C
6850,C ~ +
6851,B ~ C
6852,C ~ +
6853,A ~ B
6854,C ~ +
6855,C ~ +
6856,B ~ C
6857,C ~ +
6858,B ~ C
6859,B ~ C
6860,C ~ +
6861,C ~ +
6862,C ~ +
6863,C ~ +
6864,B ~ C
6865,A ~ B
6866,C ~ +
6867,C ~ +
6868,C ~ +
6869,B ~ C
6870,A ~ B
6871,C ~ +
6872,B ~ C
6873,B ~ C
6874,C ~ +
6875,B ~ C
6876,C ~ +
6877,B ~ C
6878,B ~ C
6879,C ~ +
6880,A ~ B
6881,C ~ +
6882,C ~ +
6883,C ~ +
6884,C ~ +
6885,B ~ C
6886,B ~ C
6887,C ~ +
6888,C ~ +
6889,C ~ +
6890,C ~ +
6891,B ~ C
6892,B ~ C
6893,C ~ +
6894,C ~ +
6895,C ~ +
6896,C ~ +
6897,C ~ +
6898,B ~ C
6899,C ~ +
6900,C ~ +
6901,B ~ C
6902,C ~ +
6903,C ~ +
6904,B ~ C
6905,C ~ +
6906,B ~ C
6907,B ~ C
6908,C ~ +
6909,B ~ C
6910,C ~ +
6911,C ~ +
6912,C ~ +
6913,C ~ +
6914,C ~ +
6915,C ~ +
6916,C ~ +
6917,C ~ +
6918,C ~ +
6919,B ~ C
6920,C ~ +
6921,C ~ +
6922,C ~ +
6923,C ~ +
6924,C ~ +
6925,B ~ C
6926,C ~ +
6927,C ~ +
6928,C ~ +
6929,C ~ +
6930,B ~ C
6931,C ~ +
6932,C ~ +
6933,B ~ C
6934,C ~ +
6935,C ~ +
6936,C ~ +
6937,0 ~ A
6938,C ~ +
6939,C ~ +
6940,C ~ +
6941,B ~ C
6942,B ~ C
6943,C ~ +
6944,C ~ +
6945,B ~ C
6946,C ~ +
6947,C ~ +
6948,C ~ +
6949,C ~ +
6950,C ~ +
6951,C ~ +
6952,C ~ +
6953,C ~ +
6954,B ~ C
6955,C ~ +
6956,A ~ B
6957,C ~ +
6958,C ~ +
6959,C ~ +
6960,C ~ +
6961,C ~ +
6962,C ~ +
6963,C ~ +
6964,B ~ C
6965,A ~ B
6966,C ~ +
6967,C ~ +
6968,A ~ B
6969,B ~ C
6970,B ~ C
6971,B ~ C
6972,C ~ +
6973,C ~ +
6974,B ~ C
6975,B ~ C
6976,C ~ +
6977,C ~ +
6978,A ~ B
6979,A ~ B
6980,C ~ +
6981,B ~ C
6982,C ~ +
6983,A ~ B
6984,B ~ C
6985,B ~ C
6986,C ~ +
6987,B ~ C
6988,B ~ C
6989,C ~ +
6990,C ~ +
6991,C ~ +
6992,C ~ +
6993,C ~ +
6994,B ~ C
6995,B ~ C
6996,B ~ C
6997,C ~ +
6998,0 ~ A
6999,A ~ B
7000,C ~ +
7001,A ~ B
7002,B ~ C
7003,B ~ C
7004,C ~ +
7005,B ~ C
7006,A ~ B
7007,C ~ +
7008,C ~ +
7009,C ~ +
7010,B ~ C
7011,C ~ +
7012,C ~ +
7013,C ~ +
7014,C ~ +
7015,C ~ +
7016,0 ~ A
7017,C ~ +
7018,B ~ C
7019,C ~ +
7020,C ~ +
7021,B ~ C
7022,C ~ +
7023,A ~ B
7024,0 ~ A
